[1, '"RTybvkaPne8"', '"Craziest Conspiracy Theories"', '"2020-04-04T20:12:39.000Z"', '"UCAVojJ1k03GZzjSbdXXunkw"', '"ShaneGlossin"', '22', '"People & Blogs"', '"20.04.10"', '"shane|dawson|conspiracy|theories|journalism|investigative journalism|docuseries|documentary"', '"9766913"', '"2962"', '"657767"', '"5922"', '"80615"']
[2, '"jEExcR41NTQ"', '"6 Vegans Vs 1 Meat Eater"', '"2020-04-07T16:37:04.000Z"', '"UC-lHJZR3Gqxm24_Vd_AJ5Yw"', '"PewDiePie"', '24', '"Entertainment"', '"20.04.10"', '"SATIRE"', '"4076222"', '"1020"', '"366911"', '"3844"', '"42109"']
[3, '"sXMYhYhjAck"', '"YouTube Video Challenge! Spy Ninjas Teach PZ9 How To Make DIY Funny Movies for Best Friends at Home"', '"2020-04-03T17:45:01.000Z"', '"UCmFzvquJYoSDFhd9W0JhZKw"', '"Exposing Project Zorgo"', '24', '"Entertainment"', '"20.04.10"', '"spy ninja|videos|movies|how to|make|making|create|film|diy|collins key|giant|real|vs|jelly|build|minecraft|123 go|funny|friends|tricks|sssniperwolf|people|unspeakable|buy|sharer|24 hours|satisfying|best|wins|dobre|last to|try guys|learn|test|challenges|vlog|vlogs|comedy|laugh|fun|fortnite|gaming|battle royal|competition|lazarbeam|meme|ssundee|game|memes|mystery|sypherpk|lachlan|ali a|event|race|new|search|flamingo|roblox|prestonplayz|fgteev|escape|piggy|cwc|chad wild clay"', '"5632162"', '"1370"', '"237698"', '"7119"', '"45659"']
[4, '"QOYvWpYDr3Q"', '"Bitten While Defending A Friend"', '"2020-04-04T19:00:10.000Z"', '"UCu6v4AdYxVH5fhfq9mi5llA"', '"Let Me Explain Studios"', '1', '"Film & Animation"', '"20.04.10"', '"bitten|while|defending|friend|Rebecca Parham|Let Me Explain Studios|animated|animator|storytime|storytelling|storyteller|cartoon|funny|animation|school"', '"3691063"', '"501"', '"186189"', '"2329"', '"22371"']
[5, '"bQfihyd99C8"', '"I Used Hearing Aid Secretly"', '"2020-04-03T18:45:00.000Z"', '"UCYzEMRKqrh01-tauv7MYyVQ"', '"My Story Animated"', '1', '"Film & Animation"', '"20.04.10"', '"my story animated|short story|animation|video animation|actually happened|animated story|animation short film|animated|story animated|hearing aid|deaf|secret|safe|money|big safe"', '"3330571"', '"602"', '"70429"', '"3750"', '"4146"']
[6, '"xvSV7m2Ktug"', '"Machine Gun Kelly - What\'s Poppin Freestyle"', '"2020-04-08T17:54:17.000Z"', '"UCUs8sGiP4avNaYNVO22INhQ"', '"Machine Gun Kelly"', '10', '"Music"', '"20.04.10"', '"[none]"', '"1280017"', '"117"', '"107229"', '"4329"', '"10531"']
[7, '"ANbhxA4xJ3g"', '"10 Things Megan Thee Stallion Can\'t Live Without | GQ"', '"2020-04-09T16:00:11.000Z"', '"UCsEukrAd64fqA7FjwkmZ_Dw"', '"GQ"', '24', '"Entertainment"', '"20.04.10"', '"10 essentials|ten essentials|megan thee stallion|megan thee stallion 2020|megan thee stallion interview|megan thee stallion gq|megan thee stallion 10 essentials|my essentials|megan thee stallion favorite|megan thee stallion favorites|favorite megan thee stallion|megan thee stallion 10 things|megan thee stallion explains|megan thee stallion breaks down|10 things megan thee stallion|megan thee stallion top 10|10 essentials megan thee stallion|gq|gq magazine"', '"711404"', '"493"', '"38869"', '"531"', '"2268"']
[8, '"O4KxqOuPycE"', '"How I Learned To Love Again"', '"2020-04-09T17:00:14.000Z"', '"UC-lCjm6VLCotg5ZOfJ7xF9w"', '"Hello Hunnay with Jeannie Mai"', '26', '"Howto & Style"', '"20.04.10"', '"Hello Hunnay|Jeannie Mai|Kin|Lifestyle|How To|Empowerment|hello hunay|hello honey|hello hunny|confidence|how to be confident|personal development|finally opening up|dating advice|how to build self confidence|divorce|dating after divorce|how to love yourself|self love|how to love yourself and be confident|how to be more confident|self confidence|self love tips|how to practice self love|how to love yourself more|life after divorce|relationship advice"', '"314128"', '"856"', '"20014"', '"511"', '"2351"']
[9, '"3QqnhDI7VFA"', '"Pastry Chef Attempts to Make Gourmet Cadbury Creme Eggs | Gourmet Makes | Bon App√©tit"', '"2020-04-09T16:25:04.000Z"', '"UCbpMy0Fg74eXXkvxJrtEn3w"', '"Bon App√©tit"', '26', '"Howto & Style"', '"20.04.10"', '"gourmet makes|claire|claire saffitz|claire makes|claire bon appetit|pastry chef|claire gourmet makes|cadbury creme eggs|make cadbury creme eggs|making cadbury creme eggs|how to cadbury creme eggs|claire cadbury creme eggs|claire makes cadbury creme eggs|gourmet cadbury creme eggs|cadbury creme eggs bon appetit|cadbury eggs|gourmet cadbury eggs|diy cadbury eggs|homemade cadbury eggs|cadbury eggs recipe|claire cadbury eggs|cadbury|easter|food|bon appetit"', '"1941876"', '"1965"', '"74275"', '"929"', '"6061"']
[10, '"mjx7BLpJWbE"', '"[BT21] BT21 UNIVERSE ANIMATION - BTS Reaction"', '"2020-04-09T08:55:13.000Z"', '"UCINr5W7cwW06ADtsszAToAw"', '"BT21"', '1', '"Film & Animation"', '"20.04.10"', '"[none]"', '"1946007"', '"1120"', '"278827"', '"734"', '"9218"']
[11, '"FgyiumHd7mw"', '"Tech N9ne - Just Die? (Intro 1) | OFFICIAL MUSIC VIDEO"', '"2020-04-09T16:00:10.000Z"', '"UC87iZ03xDe8csLCjWyV2E0A"', '"Strange Music Inc"', '10', '"Music"', '"20.04.10"', '"Tech N9ne|Just Die?|ENTERFEAR|Official Music Video|Strange Music|Hip Hop|Rap|Independent|Indie Hip Hop|Intro"', '"222112"', '"194"', '"19701"', '"426"', '"1358"']
[12, '"s-aScZtOfbM"', '"Live Mar√≠lia Mendon√ßa - #LiveLocalMariliaMendonca"', '"2020-04-09T03:01:05.000Z"', '"UCwfEOn0O1DWcyTgzVVu28ig"', '"Mar√≠lia Mendon√ßa"', '10', '"Music"', '"20.04.10"', '"[none]"', '"48739885"', '"12628"', '"2838360"', '"58735"', '"11166"']
[13, '"tBiWL0S3_tg"', '"I HATE 13 Reasons Why (Season 3)"', '"2020-04-09T08:13:37.000Z"', '"UCRbOPaGDB_xOQkVM8Rnn62Q"', '"I Hate Everything"', '23', '"Comedy"', '"20.04.10"', '"I HATE EVERYTHING|I hate|everything|hate everything|comedy|satire|IHE"', '"495126"', '"1297"', '"31121"', '"403"', '"3332"']
[14, '"5C_3EattWe0"', '"blink-182 - Happy Days (Official Video) #stayhome"', '"2020-04-09T17:00:10.000Z"', '"UCf2WBemooP2gBBx3lrraNQw"', '"blink182VEVO"', '10', '"Music"', '"20.04.10"', '"blink182|blink-18|blink 182|happy days|blink-182 happy days|blink182 happy days|blink 182 happy days|happy days video|blink 182 happy days video|blink-182 happy days video|stay home|stay safe|covid-19|coronavirus|punk|new blink 182 video|new blink-182 video|stayhome|blink 182 covid|blink-182 covid|blink-182 covid-19|covid|blink-182 coronavirus|blink 182 coronavirus|fan video|fan videos|UGC|blink-182 ugc|blink-182"', '"251966"', '"181"', '"17603"', '"396"', '"1168"']
[15, '"eK5oAmESJlA"', '"And Now, A Very Special COVID-19 Message From Walter | JEFF DUNHAM"', '"2020-04-08T17:02:11.000Z"', '"UC0NaWwWghJD37rMK2AYDidg"', '"Jeff Dunham"', '23', '"Comedy"', '"20.04.10"', '"achmed|all over the map|america\'s got talent|arguing with myself|bubba j|comedian|comedy|comedy special|commercial|controlled chaos|funny|hilarious|jeff dunham|jeff dunham netflix|jeff dunham: beside himself|keel|live stream|netflix|netflix original|netflix special|peanut|quarantined|self isolated|spark of insanity|stand-up|stay home|stayhome|together at home|togetherathome|unhinged in hollywood|walter|with me|withme|COVID-19|donald trump|movie trailer"', '"839596"', '"93"', '"30202"', '"1175"', '"2050"']
[16, '"NyMFvLduZh0"', '"Ari Lennox - BUSSIT (Official Music Video)"', '"2020-04-08T16:00:10.000Z"', '"UCOFXthnAEVPDdZP2WGA1nTw"', '"AriLennoxVEVO"', '10', '"Music"', '"20.04.10"', '"Dreamville|Ari|Lennox|BUSSIT|Dreamville/Interscope|Records|Hip|Hop|Ari Lennox|bussit|bussit Ari Lennox|Ari Lennox bussit|bussit dreamville|buss it Ari Lennox|dreamville|buss it|dreamville bussit|dreamville Ari Lennox|Ari Lennox dreamville|bussit Ari Lennox lyrics|dreamville revenge of the dreamers 3|Ari buss it|dreamville ft Ari Lennox|self love Ari Lennox|Ari Lenox|buss|passcode dreamville|Ari Lennox album"', '"590406"', '"160"', '"46540"', '"1518"', '"3970"']
[17, '"MuEVSZYtDl4"', '"This is the PS5 Controller..."', '"2020-04-07T23:09:01.000Z"', '"UCXGgrKt94gR6lmN4aN3mYTg"', '"Austin Evans"', '28', '"Science & Technology"', '"20.04.10"', '"ps5|dualsense|playstation 5|ps5 controller|controller|playstation 5 controller|gaming|tech|reveal|announcement|xbox|sony|xbox series x|series x|dual sense|the test drivers|test drivers|this is|austin evans|playstation"', '"3356355"', '"424"', '"83173"', '"35076"', '"22391"']
[18, '"o9kb5iXwuMI"', '"Tom Brady Joins the Stern Show From Derek Jeter‚Äôs House"', '"2020-04-08T17:54:19.000Z"', '"UCENdrrK5sWM-RV5nTLwBNXw"', '"The Howard Stern Show"', '24', '"Entertainment"', '"20.04.10"', '"The Howard Stern Show|Howard Stern|Robin Quivers|Fred Norris|Gary Dell\'Abate|Baba Booey|SiriusXM|HSS|htvod|Tom Brady|Patriots|Derek Jeter|New England|interview|video|clip"', '"360049"', '"194"', '"3577"', '"321"', '"260"']
[19, '"8DcsFo3dnzE"', '"Giving My Shed a Tiny House Makeover!"', '"2020-04-07T17:54:32.000Z"', '"UC0CG8Kj2DqFc9bJld0hJKBA"', '"Ryland Adams"', '24', '"Entertainment"', '"20.04.10"', '"Ryland Adams|Morgan Adams|Shane Dawson|Makeover|Reveal|DIY|Design|Spotify|Podcast|Hermes|Gucci"', '"2855992"', '"1811"', '"192883"', '"3077"', '"14403"']
[20, '"B-yhF7IScUE"', '"The Half of It | Official Trailer | Netflix"', '"2020-04-09T15:00:00.000Z"', '"UCWOA1ZGywLbqmigxE4Qlvuw"', '"Netflix"', '24', '"Entertainment"', '"20.04.10"', '"Netflix|Trailer|Netflix Original Films|Netflix Film|Netflix Movies|Official Trailer|Netflix Original Series|Netflix Series|The Half Of It|Half of It|feel good|romance|comedy|lesbian romance|lesbian|family|family movie|high school|drama|friendship|queer|gay|lgbtq|lgbt|Alice Wu|Saving Face|Leah Lewis|Alexxis Lemire|Daniel Diemer|Enrique Murciano|Collin Chou|Wolfgang Novogratz"', '"1635615"', '"167"', '"81206"', '"1610"', '"4031"']
[21, '"Yik5fFNfBrU"', '"Selena Gomez - Souvenir (Lyric Video)"', '"2020-04-09T12:00:15.000Z"', '"UCjK8ORC71kwyj1DWFwril_A"', '"SelenaGomezVEVO"', '10', '"Music"', '"20.04.10"', '"Selena|Gomez|Souvenir|(Lyric|Video)|Interscope|Records|Pop"', '"1087568"', '"163"', '"126242"', '"841"', '"7106"']
[22, '"E_sJQLQFyCw"', '"Best Baby Mama Dance Ever! (9 months pregnant) | Dhar and Laura"', '"2020-04-09T01:00:06.000Z"', '"UCyA2du_flsYZHLaoU_5Qjkg"', '"Dhar and Laura"', '22', '"People & Blogs"', '"20.04.10"', '"LiveGlam owner|Dhar Mann and Laura G|LauraG_143|Dhar Mann|Laura G|baby mama dance|dance|funny dance|pregnant wife dances|pregnant dance|dancing|fun|funny|couples vlog|vlog|9 month pregnant|baby mama dancing|mom dancing|mother dancing"', '"304714"', '"260"', '"29925"', '"613"', '"21094"']
[23, '"wXIrmzz5fyc"', '"Dave The Bus Driver | Gabriel Iglesias"', '"2020-04-09T15:00:23.000Z"', '"UCUxc0iEpV8wZV4WLOui0RwQ"', '"Gabriel Iglesias"', '23', '"Comedy"', '"20.04.10"', '"gabriel iglesias|gabriel fluffy iglesias|fluffy|stand up comedy|comedy|throwback thursday|funny|jokes|fluffy chocolate cake|fluffy martin"', '"675220"', '"452"', '"32522"', '"333"', '"863"']
[24, '"b4F_SJHfgqo"', '"Trying Awful Viral Photo Ideas"', '"2020-04-07T17:30:02.000Z"', '"UCSUf5_EPEfl4zlBKZHkZdmw"', '"Danny Gonzalez"', '23', '"Comedy"', '"20.04.10"', '"danny gonzalez|funny|commentary|comedy|react|reaction|reacting|awful|humor|trying|troom troom|troom troom\'s|photo|ideas|viral|troom"', '"2060045"', '"1350"', '"166268"', '"1487"', '"18093"']
[25, '"1379SkZUx3M"', '"Solving a $20,000 Puzzle Box- Level 10!! (One of a Kind)"', '"2020-04-08T21:51:10.000Z"', '"UCrPUg54jUy1T_wII9jgdRbg"', '"Chris Ramsay"', '24', '"Entertainment"', '"20.04.10"', '"chris ramsay|chris|ramsay|puzzle|puzzles|hardest puzzle|puzzle box|puzzle solving|impossible puzzle|20000 puzzle|expensive puzze|puzzle master|mr puzzle|solved|solution|puzzle solution"', '"683973"', '"1599"', '"92144"', '"1004"', '"6816"']
[26, '"L2XP2WOibxw"', '"[BE ORIGINAL] (Ïó¨Ïûê)ÏïÑÏù¥Îì§((G)I-DLE) \'Oh my god\' (4K)"', '"2020-04-09T15:00:15.000Z"', '"UCEIi7zFR_wE23jFncVtd6-A"', '"STUDIO CHOOM [Ïä§ÌäúÎîîÏò§ Ï∂§]"', '24', '"Entertainment"', '"20.04.10"', '"M2|Ïó†Ìà¨|Ïä§ÌäúÎîîÏò§ Ï∂§|Ïä§Ï∂§|Studio choom|COVERS|Ïª§Î≤ÑÏä§|DANCE THE X|ÎåÑÏä§ Îçî ÏóëÏä§|ÎåÑÏä§|DANCE|ÎπÑ Ïò§Î¶¨ÏßÄÎÑê|BE ORIGINAL|Ïª§Î≤Ñ|COVER|(g)i-dle|ÏïÑÏù¥Îì§|(Ïó¨Ïûê)ÏïÑÏù¥Îì§|ÎØºÎãà|ÏäàÌôî|ÏàòÏßÑ|Ïö∞Í∏∞|ÎØ∏Ïó∞|ÏÜåÏó∞|Ïò§ÎßàÏù¥Í∞ì|ohmygod"', '"705944"', '"206"', '"86143"', '"717"', '"2306"']
[27, '"laxOfJLBpm4"', '"Call of Duty¬Æ: Modern Warfare¬Æ & Warzone - Season 3 Trailer"', '"2020-04-07T17:00:03.000Z"', '"UC9YydG57epLqxA9cTzZXSeQ"', '"Call of Duty"', '20', '"Gaming"', '"20.04.10"', '"call of duty|cod|activision|fps|mp|multiplayer|modern|warfare|modern warfare|mw|battle pass|tiers|season 3|szn 3|warzone|wz|battle royale|br|gamer|gamers|gaming|video games"', '"2366618"', '"73"', '"63020"', '"2717"', '"6798"']
[28, '"d0Fbcc8uWEc"', '"The Conspiracy Theory that the Middle Ages Never Happened"', '"2020-04-09T15:00:14.000Z"', '"UCuCkxoKLYO_EQ2GeFtbM_bw"', '"Half as Interesting"', '27', '"Education"', '"20.04.10"', '"conspiracy|theory|middle|ages|never|happened|phantom time theory|calendars|strange|weird|science"', '"441592"', '"399"', '"22495"', '"535"', '"1435"']
[29, '"GpYOfM_PwZg"', '"MCND \'Îñ†(Spring)\' M/V"', '"2020-04-09T09:00:07.000Z"', '"UC36pAgTYO6M-xFXVhp5paPA"', '"TOP MEDIA"', '10', '"Music"', '"20.04.10"', '"MCND|CASTLE-J|BIC|MINJAE|HUIJUN|WIN|Ï∫êÏä¨Ï†úÏù¥|ÎπÖ|ÎØºÏû¨|ÌúòÏ§Ä|Ïúà|TOPMEDIA|Ìã∞Ïò§ÌîºÎØ∏ÎîîÏñ¥|Î∞©Ï§ÄÌòÅ|Ïñ∏ÎçîÎÇòÏù∏Ìã¥|BangJunhyeok|Ï§ÄÌòÅ|ÌûôÌï©|ÏÜêÏÑ±Ï§Ä|ÎÇ®ÏäπÎØº|ÏÜ°ÎØºÏû¨|ÎÖ∏ÌúòÏ§Ä|Ïã†Ïù∏|ÎÇ®Îèå|ÎÇ®ÏûêÏïÑÏù¥Îèå|IDOL|Ïó†Ïî®ÏóîÎîî|ÎÆ§ÏßÅÎπÑÎîîÏò§|MV|Îç∞Î∑î|Ïó†Ïî®Ïï§Îîî|Ïª¥Î∞±|Îñ†|Ïä§ÌîÑÎßÅ|Spring|Ìã∞Ï†Ä|teaser"', '"1296770"', '"207"', '"198830"', '"950"', '"19916"']
[30, '"AGNyWTntU0o"', '"Anything You Customize, I\'ll Pay For Challenge (Giveaway)"', '"2020-04-07T19:29:42.000Z"', '"UClQubH2NeMmGLTLgNdLBwXg"', '"ZHC"', '24', '"Entertainment"', '"20.04.10"', '"zhc|mrbeast|mr beast|challenge|custom|Anything You Customize|I\'ll Pay For Challenge (Giveaway)|fun|funny|viral|funny videos|customize|hydro dip|iphone 11|iphone 12|ipad pro"', '"3961753"', '"739"', '"236315"', '"3429"', '"127957"']
[31, '"qP_wIvitN7w"', '"FINDING OUT I\'M PREGNANT AND SURPRISING MY BOYFRIEND"', '"2020-04-07T22:39:19.000Z"', '"UCCFrAf9Pu5Zw2-WyyPjHd0w"', '"Lena & Adam"', '22', '"People & Blogs"', '"20.04.10"', '"first pregnancy|pregnant|live pregnancy test|lena|adam22|baby|pregnancy announcement"', '"738804"', '"617"', '"40267"', '"1786"', '"5463"']
[32, '"NSNcGYkp8v8"', '"Wallows - OK (Official Video)"', '"2020-04-08T20:00:10.000Z"', '"UCjNGsoJEu1AnHiP7kOYiXCw"', '"Wallows"', '10', '"Music"', '"20.04.10"', '"wallows|wallows band|wallows music|dylan minnette|dylan minnette singing|cole preston|cole preston singing|braeden lemasters|braeden lemasters easy a|wallows ok|wallows band ok|walloows music ok|ok wallows|wallows ok song|wallows okay|wallows ok video|wallows okay video|wallows new video|wallows ok live|wallows ok lyrics|wallows okay lyrics"', '"278117"', '"273"', '"55829"', '"220"', '"3527"']
[33, '"OX8s71TBk8g"', '"Gorillaz | Episode Three \'Aries\' | Official Trailer"', '"2020-04-08T15:00:10.000Z"', '"UCfIXdjDQH9Fau7y99_Orpjw"', '"Gorillaz"', '1', '"Film & Animation"', '"20.04.10"', '"[none]"', '"746441"', '"26"', '"51120"', '"614"', '"3070"']
[34, '"p2O7B6x6JsI"', '"JABBAWOCKEEZ - TOOSIE SLIDE by DRAKE (DANCE VIDEO)"', '"2020-04-08T15:00:11.000Z"', '"UCbdkuPpLhaMO8-ASIULFFaA"', '"JABBAWOCKEEZ OFFICIAL"', '24', '"Entertainment"', '"20.04.10"', '"Jabbawockeez|JBWKZ|Dance|Hip Hop|Drake|Toosie Slide"', '"378977"', '"247"', '"34014"', '"324"', '"1197"']
[35, '"7OGAqaf0kZg"', '"Everything Wrong With Scott Pilgrim vs The World"', '"2020-04-09T16:07:34.000Z"', '"UCYUQQgogVeQY8cMQamhHJcg"', '"CinemaSins"', '1', '"Film & Animation"', '"20.04.10"', '"wave jockey job|everything wrong with|eww|cinemasins|cinema sins|movie|movie review|review|everything wrong with scott pilgrim vs the world|eww scott pilgrim vs the world|eww scott pilgrim|cinemasins scott pilgrim vs the world|scott pilgrim vs the world|scott pilgrim|scott pilgrim vs the world reivew|michael cera|scott pilgrim movie|mary elizabeth winstead|world|vs the world|scott"', '"537251"', '"1219"', '"25052"', '"1327"', '"3249"']
[36, '"NTJ8esMHW2E"', '"WINNER - \'Remember\' M/V"', '"2020-04-09T09:00:12.000Z"', '"UCayQxFAoFCvGariuQCtHRGQ"', '"WINNER"', '10', '"Music"', '"20.04.10"', '"YG Entertainment|YG|ÏôÄÏù¥ÏßÄ|K-pop|WINNER|ÏúÑÎÑà|Jinwoo|Seunghoon|Mino|Seungyoon|Í∞ïÏäπÏú§|ÍπÄÏßÑÏö∞|Ïù¥ÏäπÌõà|ÏÜ°ÎØºÌò∏|YOON|JINU|HOONY|MINO|INNER CIRCLE|Ïù¥ÎÑàÏÑúÌÅ¥|Remember|WINNER Remember|ÏúÑÎÑà Remember"', '"1996298"', '"255"', '"270024"', '"1033"', '"20921"']
[37, '"EqfHd_zMiIA"', '"\'Bored as Hell\' by Chris Mann (A Lizzo Parody Cover)"', '"2020-04-08T19:00:10.000Z"', '"UCnBkqftMxYPr0ib_9cUA5xw"', '"Chris Mann Music"', '10', '"Music"', '"20.04.10"', '"chris mann|chris mann music|bored|hell|lizzo|good|parody|funny|scotch|soda|casamigos|tequila|singer|harmony|music|hello|adele"', '"237467"', '"208"', '"14332"', '"207"', '"985"']
[38, '"rFnxG-p_3Oo"', '"Quadeca - Where\'d You Go? (Official Music Video)"', '"2020-04-08T18:40:32.000Z"', '"UCtkINlF2LAt0cpd2ySc8mgw"', '"Quadeca"', '10', '"Music"', '"20.04.10"', '"Quadeca|Whered you go|whered u go|where you go|music video|rap|rapper|rapping|hip hop|official music video|from me to you|album|single"', '"608168"', '"150"', '"73573"', '"2208"', '"7268"']
[39, '"OX-Ra4nrVj0"', '"THE DEBUNKATHON"', '"2020-04-08T13:00:00.000Z"', '"UCEOXxzW2vU0P-0THehuIIeg"', '"Captain Disillusion"', '24', '"Entertainment"', '"20.04.10"', '"explanation|debunking|VFX|animation|comedy|film|adventure|superhero|sketpicism|science|paranormal|visual effects|action"', '"710496"', '"623"', '"92702"', '"581"', '"5218"']
[40, '"npWvuY0NcKI"', '"I WAXED De\'arra Armpits and It Went Like... (BIG MISTAKE) | Quarantine Vlog"', '"2020-04-07T21:32:42.000Z"', '"UCYL9lSER7W0kMXbGCprMS0A"', '"Vlogs By DK4L"', '22', '"People & Blogs"', '"20.04.10"', '"quarantine vlog|quarantine video|quarantine|quarantines|armpit wax funny|waxing armpits|armpits waxing|ripping wax|wax rip|dk4l chalenge|dk4l pranks|dk4l vlogs"', '"611391"', '"2353"', '"36941"', '"564"', '"1768"']
[41, '"nlmbfw9xWTk"', '"5 Whole Pizzas + Q&A (#TakeoutTuesday ep.2)"', '"2020-04-08T02:42:07.000Z"', '"UCd1fLoVFooPeWqCEYVUJZqg"', '"Matt Stonie"', '24', '"Entertainment"', '"20.04.10"', '"Matt Stonie|Megatoad|Competitive Eating|Food Challenge|Speed Eating|Eating Challenge"', '"2408763"', '"648"', '"112878"', '"2067"', '"8718"']
[42, '"v5SSnQBtaq4"', '"Backward Hippo"', '"2020-04-07T21:57:37.000Z"', '"UCVpankR4HtoAVtYnFDUieYA"', '"zefrank1"', '15', '"Pets & Animals"', '"20.04.10"', '"[none]"', '"1257162"', '"98"', '"97993"', '"1514"', '"5766"']
[43, '"FPx7X7k0HuM"', '"Nashville Hot Chicken | Basics with Babish"', '"2020-04-09T13:00:10.000Z"', '"UCJHA_jMfCvEnv-3kRjTCQXw"', '"Binging with Babish"', '24', '"Entertainment"', '"20.04.10"', '"basics with babish|babbish|cooking with babish|binging with babish|hot chicken|hot chicken recipe|pear qwerty horse|how to make hot chicken|nashville hot chicken|easy hot chicken recipe|hot chicken at home|nashville hot wings|nashville hot fried chicken tenders|nashville fried hot chicken|nashville fried chicken sauce|nashville chicken recipe|nashville chicken sandwich|nashville hot fried chicken kfc"', '"1237780"', '"323"', '"56625"', '"364"', '"2264"']
[44, '"u3JJoSApX_s"', '"Every School Cafeteria Ever"', '"2020-04-08T16:00:35.000Z"', '"UCY30JRSgfhYXA6i6xX1erWg"', '"Smosh"', '23', '"Comedy"', '"20.04.10"', '"smosh|smosh pit|smosh games|funny|comedy|every cafeteria ever|every school cafeteria ever|smosh ebe|every blank ever|ebe cafeteria|ebe school|every recess ever"', '"1072747"', '"605"', '"52883"', '"837"', '"3771"']
[45, '"KWBY-fsWq4U"', '"Meet My 1 Day Old Kittens!"', '"2020-04-07T21:15:05.000Z"', '"UCE4hoGDQruxi8_hUqB6tLVw"', '"Joey Graceffa Vlogs"', '15', '"Pets & Animals"', '"20.04.10"', '"joey graceffa|joey graceffa vlogs|joey graceffa youtube|youtube joey graceffa|joey graceffa vlogs youtube|youtube joey graceffa vlogs|pregnant cat|pregnant cat gives birth|foster pregnant cat|cat adoption|kitten rescue|kittens born|newborn kittens|kitten|newborn|baby animals|black cat|black cat gives birth|1 day old kittens|kitten fostering|feeding kitten|kitten birth"', '"881364"', '"846"', '"45713"', '"1065"', '"9143"']
[46, '"AEMd4VVJVus"', '"I Bought My Budget Dream Car!"', '"2020-04-08T14:00:04.000Z"', '"UClqhvGmHcvWL9w3R48t9QXQ"', '"Engineering Explained"', '2', '"Autos & Vehicles"', '"20.04.10"', '"dream car|new car|buy a car|bought my dream car|acura nsx|supercar|hypercar|engineering explained|used car|mazda mx-5|miata|ford mustang|gt350|jaguar f-type|supercharged|engine|engineering|cars"', '"484120"', '"1057"', '"23241"', '"812"', '"3927"']
[47, '"hqIbEHNqbPs"', '"FOX IN SOX | Dr. Seuss Raps over Dr. Dre Beats"', '"2020-03-29T04:41:17.000Z"', '"UCcuLSr4UhAU8Rdegc264srg"', '"Wes Tank"', '1', '"Film & Animation"', '"20.04.10"', '"DR.|DR. SEUSS|DR. SUESS|DR. DRE|DOCTOR|DOCTOR SEUSS|DOCTOR SUESS|DOCTOR DRE|ANDRE YOUNG|BEATS|BOOKS|CHILDRENS BOOK|FOX|SOX|LITERARY|LITERACY|TONGUE TWISTER"', '"761686"', '"345"', '"23234"', '"287"', '"789"']
[48, '"aXQ0N_ofG-U"', '"Jamaican Food!! üáØüá≤ KING OF CURRY GOAT + Oxtail and Ackee in Montego Bay, Jamaica!"', '"2020-04-08T13:00:00.000Z"', '"UCyEd6QBSgat5kkC6svyjudA"', '"Mark Wiens"', '19', '"Travel & Events"', '"20.04.10"', '"Jamaica|Jamaican food|Jamaican cuisine|Montego Bay|curry goat|oxtail stew|ackee|ackee and saltfish|Rasta food|Rastafari|Jamaica food|Mark Wiens|Caribbean|Caribbean food|Caribbean cuisine|best food jamaica|curry goat jamaica|scotch bonnet|street food|food culture"', '"889832"', '"2047"', '"25544"', '"703"', '"3709"']
[49, '"0vNesSHhmqQ"', '"Quarantined With My Twin"', '"2020-04-06T19:58:33.000Z"', '"UCITqR49EAUY8i1vZtXTwe-A"', '"Dolan Twins"', '23', '"Comedy"', '"20.04.10"', '"Dolan|Twins"', '"2253316"', '"1094"', '"156819"', '"2218"', '"11482"']
[50, '"S3FThcgvCYE"', '"Stimulus Check Update This Week - Stimulus Package"', '"2020-04-06T16:00:21.000Z"', '"UCigUBIf-zt_DA6xyOQtq2WA"', '"ClearValue Tax"', '27', '"Education"', '"20.04.10"', '"stimulus check|Stimulus Check|Stimulus check|Stimulus Package|stimulus package|Trump|Trump Adminstration|CARES Act|CARES Act Stimulus|CARES Act Unemployment|forgivable loan|EDL loan|PPP|PPP loan|stimulus loan|stimulus bill|stimulus checks|unemployment rate"', '"2404597"', '"428"', '"57819"', '"1359"', '"11567"']
[51, '"BTnVvmqB9fY"', '"Tales of Runeterra: Freljord | ‚ÄúThe Raid‚Äù"', '"2020-04-09T17:00:04.000Z"', '"UC2t5bjwHdUX4vM2g8TRDq5g"', '"League of Legends"', '20', '"Gaming"', '"20.04.10"', '"Riot Games|Riot|League of Legends|League|LoL|MOBA|trailer|cinematic|cg|short|animation|animated|movie|riot|riot games|champions|card game|moba|legends of runeterra|legends runeterra|legends|runeterra|runterra|LoR|league of legends|league|braum|noxus|ionia|shadow isles|demacia|piltover|zaun|freljord"', '"1705897"', '"177"', '"119465"', '"875"', '"7076"']
[52, '"89kPVHx1qi0"', '"Mo3 - Broken Love (Official Video)"', '"2020-04-06T20:00:00.000Z"', '"UC_PQ7gGEKIwJv0YsnxH3dUw"', '"HSM"', '10', '"Music"', '"20.04.10"', '"Mo3|Dallas|Texas|Rap Music|Badazz|Broken Love|HSM|HSM Music|EMPIRE|Rap|Hip Hop|Dallas Music|Dallas Rap|H$M|H$M Music"', '"621825"', '"168"', '"29568"', '"587"', '"1177"']
[53, '"-pNBAxx4IRo"', '"How the US\' Hospital Ships Work"', '"2020-04-07T17:04:32.000Z"', '"UC9RM-iSvTu1uPJb8X5yp3EQ"', '"Wendover Productions"', '27', '"Education"', '"20.04.10"', '"hospital|ship|usns mercy|usns comfort|hospitals|us navy|navy|military|response|boat|how it works|how hospital ships work|wendover|productions|half as interesting|hai"', '"799226"', '"647"', '"25130"', '"402"', '"1683"']
[54, '"m-4fuUaC98Y"', '"Ships of Fortune - April 22nd: Official Sea of Thieves Content Update"', '"2020-04-07T21:41:16.000Z"', '"UCtt2JqBTG-KoBae4F0Ay2tg"', '"Sea of Thieves"', '20', '"Gaming"', '"20.04.10"', '"sea of thieves|sea of thieves anniversary|anniversary update|sea of thieves update|pirates|rare ltd|xbox one|video games|xbox exclusive|pirate game|Kraken|pirate adventure game|xbox game pass|PC game pass|Game Pass ultimate|sea of theives|raised level cap|raised rep rank|more rep|PVP faction|The Reaper\'s Bones|Emissary system|Arena 2.0|Sea of Thieves reviving"', '"238669"', '"132"', '"10222"', '"224"', '"1864"']
[55, '"NuMceJ47ajU"', '"One Kiss Got Me The Girl"', '"2020-04-07T19:52:51.000Z"', '"UCsDmESjqNPukDmVnuneLrqw"', '"It\'s Alex Clark"', '1', '"Film & Animation"', '"20.04.10"', '"its alex clark|itsalexclark|alex clark|itsalexclark youtube|youtube itsalexclark|itsalexclark channel|animation|animation channel|animated|animated videos|alex clark youtube|youtube alex clark|alex clark channel|alex clark vlogs|clark cartoons|Alex Clark wife|Alex Clark wife 5|Alex Clark wife 4|Alex Clark pam|pam clark|Alex and pam|first kiss story|first kiss story time|panda|bunny kiss"', '"249354"', '"449"', '"22046"', '"340"', '"2708"']
[56, '"GVlBR6AXNUM"', '"Sneaking into the New 2020 Faze House..."', '"2020-04-06T21:13:03.000Z"', '"UCDo9msNItILnyF_Y2eHaNQg"', '"RiceGum"', '24', '"Entertainment"', '"20.04.10"', '"faze clan|faze house|new faze house|faze kay|faze adapt|ricegum|gaming|house|house tour|family|vlog|logan paul|jake paul"', '"1191948"', '"317"', '"69629"', '"6995"', '"4954"']
[57, '"sbEj7M3aZIg"', '"How to Help Your Hospital (Fight COVID-19 Locally) - Smarter Every Day 233"', '"2020-04-07T16:01:32.000Z"', '"UC6107grRI4m0o2-emgoDnAA"', '"SmarterEveryDay"', '28', '"Science & Technology"', '"20.04.10"', '"Smarter|Every|Day|Science|Physics|Destin|Sandlin|Education|Math|Smarter Every Day|experiment|nature|demonstration|slow|motion|slow motion|education|math|science|science education|what is science|Physics of|projects|experiments|science projects|Volunteer"', '"462425"', '"975"', '"30926"', '"531"', '"2268"']
[58, '"wKcUx7OSlB4"', '"#1 RECEIVER IN THE COUNTRY DOES 1ON1‚Äôs VS NFL PLAYERS!! (ANKLE WARNING)"', '"2020-04-07T22:57:55.000Z"', '"UC4mLlRa_dezwvytudo9s1sw"', '"Deestroying"', '24', '"Entertainment"', '"20.04.10"', '"db wr 1 on 1|deestroying|football|nfl|wide receiver|best catches|best football catches|destroying|1 on 1|exposed|highschool football|7 on 7|one handed catch|nfl highlights|odell beckham|football highlights|highlight tape|deestroying highlights|donald de la haye highlights|antonio brown|dockery|xfl|xfl highlights|friday night lights|last chance high|donald de la haye|kicker|football vines|trash talking|in the hood|#1 ranked"', '"811193"', '"884"', '"37002"', '"702"', '"3683"']
[59, '"I0rRrXq0Y4Y"', '"Official PS5 Controller Revealed: DualSense - New Design, Mic, Light Bar, Create Button."', '"2020-04-07T22:17:02.000Z"', '"UCPUjf6TfExQ-hOn51bklHcw"', '"Mystic"', '20', '"Gaming"', '"20.04.10"', '"PS5|PS5 Controller|PlayStatin 5 Controller|DualSense|Dualshock 5"', '"401051"', '"775"', '"13161"', '"379"', '"4664"']
[60, '"BUkat1R6AB4"', '"Selena Gomez - Boyfriend (Lyric Video)"', '"2020-04-09T12:00:09.000Z"', '"UCjK8ORC71kwyj1DWFwril_A"', '"SelenaGomezVEVO"', '10', '"Music"', '"20.04.10"', '"Selena|Gomez|Boyfriend|(Lyric|Video)|Interscope|Records|Pop"', '"1128059"', '"163"', '"132197"', '"1933"', '"6786"']
[61, '"TF4aDG-ZF5g"', '"Q & A CHALLENGE WITH MY BOYFRIEND!"', '"2020-04-06T22:53:34.000Z"', '"UC6jgzx2g3nlbaYkd8EMweKA"', '"Jaclyn Hill"', '26', '"Howto & Style"', '"20.04.10"', '"jaclynhill1|jaclyn hill|makeup tutorial|smokey eye tutorial|contour face|morning routine|how-to|everyday makeup|cat eye makeup|cat makeup|drugstore makeup"', '"814943"', '"2188"', '"44620"', '"2204"', '"6202"']
[62, '"qf5i48TyMig"', '"Bazzi - Renee\'s Song [Official Music Video]"', '"2020-04-07T19:00:10.000Z"', '"UCKI6DNZu8-X5VWI0FEEYCTA"', '"Bazzi"', '10', '"Music"', '"20.04.10"', '"bazzi|andrew bazzi|mine|beautiful|cosmic|you\'re so fucking precious|you so fucking precious when you smile|bazzi music|bazzi mine|bazzi beautiful|bazzi young & alive|bazzi young and alive|bazzi renee\'s song|renee\'s song|renees song|bazzi myself|music video|official video|bazzi girlfriend song|pop|pop music|love song|anniversary song|renee\'s song video|renee\'s song official video|renee\'s song music video"', '"557016"', '"131"', '"55098"', '"500"', '"1901"']
[63, '"CqMFEz4fXcI"', '"Grocery delivery is a breeze!"', '"2020-03-31T00:35:59.000Z"', '"UC701pqb1-HJPS4RMjSmK4Yg"', '"Walmart"', '27', '"Education"', '"20.04.10"', '"Grocery delivery|Walmart|groceries"', '"1364656"', '"59"', '"6522"', '"1821"', '"1572"']
[64, '"Z0gXZS9XcBM"', '"Apex Legends ‚Äì The Old Ways Event Trailer"', '"2020-04-06T15:00:29.000Z"', '"UC0ZV6M2THA81QT9hrVWJG3A"', '"Apex Legends"', '20', '"Gaming"', '"20.04.10"', '"Apex Legends|Apex|Apex Legends event|Apex Legends new event|Bloodhound|Apex Legends Season 4|Apex Legends Stories From the Outlands|The Old Ways Event|Old Ways Gameplay|Apex Legends Battle Pass|Season 4 Battle Pass|Apex Legends new season|Apex Legends game|Respawn Apex Legends|ps4|Xbox|PC|Origin|Battle Royale game|Battle Royale|Battle Royale shooter|squad play|multiplayer shooter|Respawn Entertainment|Electronic Arts|Titanfall 2|EA|Respawn"', '"2574012"', '"85"', '"105302"', '"1531"', '"8824"']
[65, '"om3n2ni8luE"', '"(Ïó¨Ïûê)ÏïÑÏù¥Îì§((G)I-DLE) - \'Oh my god\' Official Music Video"', '"2020-04-06T09:00:01.000Z"', '"UCritGVo7pLJLUS8wEu32vow"', '"(G)I-DLE (Ïó¨Ïûê)ÏïÑÏù¥Îì§ (Official YouTube Channel)"', '10', '"Music"', '"20.04.10"', '"kpop|gidle|(Ïó¨Ïûê)ÏïÑÏù¥Îì§|(G)I-DLE|IDLE|Ïó¨ÏûêÏïÑÏù¥Îì§|ÏïÑÏù¥Îì§|ÎØ∏Ïó∞|ÎØºÎãà|ÏàòÏßÑ|ÏÜåÏó∞|Ïö∞Í∏∞|ÏäàÌôî|MIYEON|MINNIE|SOOJIN|SOYEON|YUQI|SHUHUA|ÌÅêÎ∏å|CUBE|ohmygod|Ïò§ÎßàÏù¥Í∞ì|OMG|Ïó¨ÏûêÏïÑÏù¥Îì§Ïò§ÎßàÏù¥Í∞ì|Ïò§ÎßàÏù¥Í∞ìÎÆ§ÎπÑ|ohmygodmv|ÎÆ§ÏßÅÎπÑÎîîÏò§|MV|ÏïÑÏù¥Îì§Ïò§ÎßàÏù¥Í∞ì"', '"43235375"', '"201"', '"1145556"', '"34584"', '"116858"']
[66, '"HgLFL_5Bt8Y"', '"[(G)I-DLE - Intro(Black Ver.)+Oh my god] Comeback Stage | M COUNTDOWN 200409 EP.660"', '"2020-04-09T13:58:22.000Z"', '"UCbD8EppRX3ZwJSou-TVo90A"', '"Mnet K-POP"', '24', '"Entertainment"', '"20.04.10"', '"Ïó¨ÏûêÏïÑÏù¥Îì§|G_I_DLE|OhMyGod|Ïò§ÎßàÏù¥Í∞ì|Ïó†Ïπ¥Ïö¥Ìä∏Îã§Ïö¥|Ïó†Ïπ¥|MCD|MCOUNTDOWN|Ïó†ÎÑ∑|Mnet|ÏºÄÏù¥Ìåù|KPOP"', '"664928"', '"311"', '"69192"', '"1199"', '"3266"']
[67, '"boR8GnRxLxA"', '"Swapping Outfits WITH MY SISTER!! | Louie\'s Life"', '"2020-04-06T22:30:08.000Z"', '"UCZDdF_p-L88NWVpzF0vjvMQ"', '"Louie\'s Life"', '24', '"Entertainment"', '"20.04.10"', '"Louies Life|Louie Castro|Louie|Castro|The Baddest Perra|Baddest Perra|louiecasttro|casttro|LouieCastro|Swapping Outfits With My Sister|outfits|swapping|swapping outfits|swapping clothes with my sister|swapping clothes|swapping clothing outfits|clothing|clothes|funny|swapping clothes challenge|challenge|clothes challenge|switching clothes with my sister|RCLBeauty|RCLBeauty swapping clothes|RCLBeauty swapping outfits|yoatzi|castro sisters|siblings|chistoso|latino"', '"831050"', '"875"', '"56542"', '"935"', '"2596"']
[68, '"aYtVJ7gYIWw"', '"Black Clover - Opening 11 (HD)"', '"2020-04-07T10:35:51.000Z"', '"UCf2L21tpe1P-Y4QjOXkCIvQ"', '"Crunchyroll FR"', '24', '"Entertainment"', '"20.04.10"', '"black clover|op 11|opening 11|black clover op 11|black clover opening 11|Stories|Snow Man|„Éñ„É©„ÉÉ„ÇØ„ÇØ„É≠„Éº„Éê„Éº|vostfr|ep 129|episode 129|asta|yuki tabata|yuno|heart|kingdom|elfe|elfe noir|black efle|anime|anime full episode|anime highlights|anime op|anime opening|anime preview|anime trailer|crunchyroll|manga"', '"423537"', '"110"', '"16530"', '"343"', '"2241"']
[69, '"BxV14h0kFs0"', '"This Video Has 6,244,338 Views"', '"2020-04-06T15:00:07.000Z"', '"UCBa659QWEk1AI4Tg--mrJ2A"', '"Tom Scott"', '27', '"Education"', '"20.04.10"', '"tom scott|tomscott|api|coding|application programming interface|data api"', '"6244338"', '"639"', '"432892"', '"4447"', '"42339"']
[70, '"Ny9VnKfNh8E"', '"NYC Mayor Bill De Blasio Holds Coronavirus Briefing | NBC News"', '"2020-04-08T15:45:12.000Z"', '"UCeY0bbntWzzVIaj2z3QigXg"', '"NBC News"', '25', '"News & Politics"', '"20.04.10"', '"nbc news|nbc|nbc news live|live stream|cuomo|andrew cuomo|governor cuomo|new york governor|governor|coronavirus cuomo|coronavirus|coronavirus update|coronavirus us|coronavirus news|coronavirus latest news|coronavirus symptoms|cdc|center for disease control|symptoms|virus protection|outbreak|coronavirus outbreak|COVID-19|pandemic|coronavirus pandemic|coronavirus prevention|coronavirus explained|covid-19 news|covid-19 updates|covid-19 outbreak|corona"', '"249354"', '"6098"', '"744"', '"298"', '"161"']
[71, '"hOA6WrarZEQ"', '"Twin-Turbo Jet Boat Rips the Water! Finnegan\'s Garage Ep.96"', '"2020-04-06T21:41:05.000Z"', '"UC1IdPylqngGiuHFLJqHbG_g"', '"Finnegan\'s Garage"', '2', '"Autos & Vehicles"', '"20.04.10"', '"[none]"', '"751289"', '"1435"', '"14133"', '"415"', '"1538"']
[72, '"WfkbQqqCvco"', '"Justin Gaethje on Tony Ferguson Fight at UFC 249, \'I\'m Facing My Fears\' | TMZ Sports"', '"2020-04-07T13:45:17.000Z"', '"UCE3yf1AcIlXdps2EYbq3lzw"', '"TMZSports"', '17', '"Sports"', '"20.04.10"', '"TMZ|TMZ Sports|TMZ Sports Channel|Celebrity|Sports|Athletes|TMZ News|Famous|Hall of Fame|Sports News|ufc|ufc 249|ufc fight|ufc Justin Gaethje|justin gaethje|justin gaethje highlights|justin gaethje interview|justin gaethje vs|justin gaethje wrestling|Justin Gaethje interview|tony ferguson|dana white|tmz|tmz sports"', '"343899"', '"184"', '"7031"', '"215"', '"2711"']
[73, '"37IHlU8NpAI"', '"Luke Combs - Does To Me (Official Video) ft. Eric Church"', '"2020-04-06T23:15:14.000Z"', '"UCwLK17rpMFUfktQEcMzSyWg"', '"LukeCombsVEVO"', '10', '"Music"', '"20.04.10"', '"eric church|official video|beer never broke my heart|lovin on you|im in love|long neck ice cold|snl|Saturday night live|jj watt|luke combs live|brooks and dunn|new every day|every little bit helps|angels workin overtime|all over again|better together|lyrics|used to you|new music|moon over Mexico|beautiful crazy|she got the best of me|one number away|hurricane|country radio|lukecombsvevo|quarantine|social distancing"', '"452590"', '"223"', '"13068"', '"223"', '"740"']
[74, '"jFMOb8H3xeQ"', '"YoungBoy Never Broke Again - AI Nash (Dir. by @_ColeBennett_)"', '"2020-04-04T20:50:01.000Z"', '"UCtylTUUVIGY_i5afsQYeBZA"', '"Lyrical Lemonade"', '24', '"Entertainment"', '"20.04.10"', '"NBA Youngboy|Youngboy Never Broke Again|AI Youngboy|Steve Nash|Nash|Racks In The Back|Music Video|New|2020|Lyrical Lemonade|Cole Bennett|Chicago|Kayo|make no sense|lil top|Self control|Uncharted Love|Ten Talk|Red Eye|Bad Bad|Rap|Hip Hop|Skeleton|Skull|Still Flexin Still Steppin|AI Nash|Al Nash"', '"7246322"', '"200"', '"326019"', '"12678"', '"21529"']
[75, '"Y80ZTbjtz5c"', '"Gaming Life Hacks"', '"2020-04-08T16:12:28.000Z"', '"UCXGgrKt94gR6lmN4aN3mYTg"', '"Austin Evans"', '28', '"Science & Technology"', '"20.04.10"', '"gaming life hack|life hack|xbox|playstation|switch|nintendo switch|xbox one|ps4|playstation 4|controller|xbox copilot|reset dualshock 4|reset playstation 4|dualshock 4|xbox google home|xbox alexa|amazon|amazon alexa|google home|google|microsoft|sony|nintendo|game console|gaming|the test drivers|test drivers|this is|austin evans"', '"1020316"', '"703"', '"36050"', '"3278"', '"3034"']
[76, '"O59DUPAgKPY"', '"Members of the Coronavirus Task Force Hold a Press Briefing at the White House | TIME"', '"2020-04-08T23:44:37.000Z"', '"UC8Su5vZCXWRag13H53zWVwA"', '"TIME"', '25', '"News & Politics"', '"20.04.10"', '"covid-19|trump|white house|president trump|health|healthcare|public health|social distancing|news|politics|Donald trump|fauci|time|time magazine|today|coronavirus|coronavirus task force|virus|government|CDC|live|science|disease|epidemic|pandemic|U.S.|world|breaking news"', '"447008"', '"6245"', '"2190"', '"851"', '"337"']
[77, '"CJCE4s1w1DI"', '"What I Eat In A Day! | StassieBaby"', '"2020-04-07T22:11:15.000Z"', '"UCMHKlaUOwMvgZ339zcjEI2A"', '"Anastasia Karanikolaou"', '22', '"People & Blogs"', '"20.04.10"', '"stassiebaby|stassiebaby birthday|stassiebaby kelsey|stassiebaby ace family|stassiebaby instagram|stassiebaby and kylie|stassiebaby and kelsey|stassiebaby body|stassiebaby breakup|stassiebaby gym|stassiebaby vacation|stassiebaby vlogsquad|stas and zane|stassie David dobrik|stassiebaby try on|stassiebaby bikini|stas and kylie|kylieskin|stassiebaby surgery|function of beauty|stas and victoria|stassiebaby qna|stassiebaby question and answer"', '"192820"', '"199"', '"9261"', '"305"', '"616"']
[78, '"xc0WcXtf9IA"', '"Bad News Just Dropped For All Phase 4 MCU Movies"', '"2020-04-06T15:23:45.000Z"', '"UCP1iRaFlS5EYjJBryFV9JPw"', '"Looper"', '24', '"Entertainment"', '"20.04.10"', '"looper|looper movies|mcu|mcu phase 4|mcu phase 4 bad|mcu phase 4 news|mcu phase 4 bad news|mcu phase 4 delay|mcu phase 4 delays|mcu phase 4 new release schedule|mcu phase 4 schedule|mcu phase 4 movie delays|mcu phase 4 film delays|all mcu phase 4 delays|all mcu phase 4 movie delays|new release schedule mcu phase 4|new movie release schedule mcu phase 4|black widow new release date"', '"978181"', '"275"', '"8456"', '"854"', '"1248"']
[79, '"fElVJ8Zr3ns"', '"New York Governor Andrew Cuomo Delivers Briefing On COVID-19 | TIME"', '"2020-04-08T17:27:27.000Z"', '"UC8Su5vZCXWRag13H53zWVwA"', '"TIME"', '25', '"News & Politics"', '"20.04.10"', '"Time|time magazine|magazine|time (magazine)|time.com|news today|world news|interview|science|technology|health|politics|entertainment|business|news|breaking news|live|lifestyle|video|Andrew Cuomo|Cuomo|Governor of New York|Governor Cuomo|New York City|COVID-19|coronavirus|briefing|presser|Brooklyn|Manhattan|Queens|Staten Island|Bronx|New York Governor Andrew Cuomo|quarantine|self-isolation|social distance|social distancing|New York"', '"251661"', '"2617"', '"1235"', '"256"', '"271"']
[80, '"6y4DzsRCEbk"', '"Members of the Coronavirus Task Force Hold a Press Briefing | TIME"', '"2020-04-07T00:30:10.000Z"', '"UC8Su5vZCXWRag13H53zWVwA"', '"TIME"', '25', '"News & Politics"', '"20.04.10"', '"covid-19|trump|white house|president trump|health|healthcare|public health|social distancing|news|politics|Donald trump|fauci|time|time magazine|today|coronavirus|coronavirus task force|virus|government|CDC|live|science|disease|epidemic|pandemic|U.S.|world|breaking news"', '"753781"', '"7819"', '"3175"', '"1670"', '"1264"']
[81, '"cIuiQyfKBTg"', '"Tiny Waist & Round Butt Workout | At Home Hourglass Challenge üçë"', '"2020-04-06T12:19:57.000Z"', '"UCCgLoMYIyP0U56dEhEL1wXQ"', '"Chloe Ting"', '26', '"Howto & Style"', '"20.04.10"', '"tiny waist|waist|hourglass|hourglass figure|booty|booty workout|butt|butt workout|booty bands workout|resistance bands workout|booty bands exercise|booty exercise|abs and butt workout|waist and butt workout|tiny waist workout|round butt workout|bubble butt workout|butt workout from home|home workout for butt|abs workout|abs|abs and butt|hourglass workout|hourglass exercise|grow butt from home|grow butt no equipment|butt exercise|grow booty from home"', '"1243683"', '"988"', '"58900"', '"867"', '"3518"']
[82, '"Za0wYuJYKg0"', '"Everything Wrong With Cloudy With A Chance of Meatballs"', '"2020-04-07T15:45:18.000Z"', '"UCYUQQgogVeQY8cMQamhHJcg"', '"CinemaSins"', '1', '"Film & Animation"', '"20.04.10"', '"wave jockey job|everything wrong with|cinemasins|cinema sins|eww|cloudy with a chance of meatballs|eww cloudy with a chance of meatballs|everything wrong with cloudy with a chance of meatballs|cinemasins cloudy with a chance of meatball|cloudy|chance of meatballs|movie|movie review|review|bill hader|bill hader cloudy with a chance of meatballs|animation|animated movies|sony|sony animated movies|andy samberg|ana faris|cloudy with achance of meatballs"', '"841337"', '"790"', '"35128"', '"875"', '"3459"']
[83, '"6D_GIMRBqBM"', '"The Worst Relationship Memes On Instagram"', '"2020-04-06T20:09:14.000Z"', '"UCoLUji8TYrgDy74_iiazvYA"', '"Jarvis Johnson"', '23', '"Comedy"', '"20.04.10"', '"jarvis|jarvis johnson|comedy"', '"303484"', '"891"', '"26780"', '"293"', '"2560"']
[84, '"lw8YMmZf9g0"', '"Blake Shelton - Nobody But You (Duet w/ Gwen Stefani) - ACM Presents: Our Country #StayHome #WithMe"', '"2020-04-06T16:06:26.000Z"', '"UC9nxc-xiH1AnL9RGstfgurg"', '"Blake Shelton"', '10', '"Music"', '"20.04.10"', '"Blake Shelton|Blake|Country Music|Official Music Video|Warner Nashville|Team Blake|ACM Presents Our Country|Gwen Stefani|nobody but you acms|nobody but you acm performance|nobody but you acm presents: our country|blake and gwen|blake shelton nobody but you|gwen stefani nobody but you"', '"463650"', '"152"', '"14316"', '"393"', '"1004"']
[85, '"DDVtgjsL8cE"', '"Irish People Try American Chicken Sandwiches For The First Time... in AMERICA!"', '"2020-04-06T20:00:02.000Z"', '"UCabq3No3wXbs6Ut-Pux6SzA"', '"The TRY Channel"', '24', '"Entertainment"', '"20.04.10"', '"try channel|irish people try|facts channel|facts.|irish people|irish|people|try|people try|american|chicken|sandwich|chicken sandwiches|american chicken sandwich|in america|irish people in america|popeyes|popeyes chicken sandwich|kfc|kfc chicken sandwich|taste test|chicken sandwich taste test|for the first time|FTFT|irish people taste test|irish people try american food"', '"388154"', '"757"', '"14173"', '"856"', '"4196"']
[86, '"vAgiHreswj0"', '"How We Know The Earth Is Ancient"', '"2020-04-07T18:02:20.000Z"', '"UC7_gcs09iThXybpVgjHZ_7g"', '"PBS Space Time"', '27', '"Education"', '"20.04.10"', '"Space|Outer Space|Physics|Astrophysics|Quantum Mechanics|Space Physics|PBS|Space Time|Time|PBS Space Time|Matt O‚ÄôDowd|Astrobiology|Einstein|Einsteinian Physics|General Relativity|Special Relativity|Dark Energy|Dark Matter|Black Holes|The Universe|Math|Science Fiction|Calculus|Maths|Holographic Universe|Holographic Principle|Rare Earth|Anthropic Principle|Weak Anthropic Principle|Strong Anthropic Principle"', '"329228"', '"1045"', '"13731"', '"276"', '"2447"']
[87, '"i58MNnk6BhY"', '"The Weeknd - Until I Bleed Out (Official Video)"', '"2020-04-07T16:00:31.000Z"', '"UCF_fDSgPpBQuh1MsUTgIARQ"', '"TheWeekndVEVO"', '10', '"Music"', '"20.04.10"', '"The|Weeknd|Until|Bleed|Out|Republic|Records"', '"2700415"', '"191"', '"186972"', '"3097"', '"9577"']
[88, '"80go3RkaGa0"', '"WATCH: Trump\'s coronavirus task force gives update at White House - 4/7 (FULL LIVE STREAM)"', '"2020-04-07T23:58:08.000Z"', '"UCHd62-u_v4DvJ8TCFtpi4GA"', '"Washington Post"', '25', '"News & Politics"', '"20.04.10"', '"coronavirus task force|coronavirus live|covid 19|coronavirus press conference|trump coronavirus|coronavirus update|coronavirus news|virus|corona virus|wuhan|corona|covid-19|coronavirus|breaking news video|video updates|live video|live updates|breaking news|press conference|live speeches|real time coverage"', '"965707"', '"6748"', '"3913"', '"2240"', '"1958"']
[89, '"JAKHZerZ2jM"', '"Honest Trailers | Birds of Prey"', '"2020-04-07T17:00:07.000Z"', '"UCOpcACMWblDls9Z6GERVi1A"', '"Screen Junkies"', '1', '"Film & Animation"', '"20.04.10"', '"fandom|screenjunkies|screen junkies|honest trailers|honest trailer|birds of prey|harley quinn|birds of prey review|birds of prey reaction|birds of prey trailer|honest trailers birds of prey"', '"1186582"', '"313"', '"43583"', '"1300"', '"3822"']
[90, '"m8xx6BOvqlY"', '"You Drink you Lose! | Spicy Wing Challenge!!"', '"2020-04-07T20:16:00.000Z"', '"UCaRH3rDr3K3CEfhVqu5mgUQ"', '"Team Edge"', '23', '"Comedy"', '"20.04.10"', '"team edge|team edge challenge|teamedge|challenges|competition|giant games|battle|spicy|hot wings|flaming hot|trivia|mystery food|trivia challenge|hot ones|hot sauce"', '"651370"', '"710"', '"26268"', '"427"', '"2038"']
[91, '"LGvtUF9-hSI"', '"GIANT Twix Made Of Cake! | Shortbread, Caramel, Chocolate Layers | How To Cake It"', '"2020-04-07T12:00:20.000Z"', '"UCvM1hVcRJmVWDtATYarC0KA"', '"How To Cake It"', '26', '"Howto & Style"', '"20.04.10"', '"Yolanda Gampp|Yolanda Gamp|How To Cake It|Cakes|Cake|Sugar Stars|How To Cake It By Yolanda|Buttercream|Vanilla Cake|Chocolate|Vanilla|Recipe|Chocolate Cake Recipe|Simple Syrup|twix|twix cake|giant twix|giant twix cake|chocolate|candy|snickers|asmr|chocolate bar|caramel|twix bar|how to|chocolate bar recipe|cake decorating|cake recipe|buttercream cake decorating|chocolate asmr|giant twix bar|cake art|novelty cake|giant cakes|howtocakeit"', '"375139"', '"849"', '"15454"', '"188"', '"1574"']
[92, '"zobFuAcisKE"', '"PS5 Controller (DualSense) Revealed, And... Woah"', '"2020-04-07T23:21:23.000Z"', '"UCT6iAerLNE-0J1S_E97UAuQ"', '"YongYea"', '20', '"Gaming"', '"20.04.10"', '"playstation 5|ps5|playstation 5 controller|dualsense|ps5 controller"', '"387925"', '"632"', '"18295"', '"717"', '"6533"']
[93, '"zZbDg24dfN0"', '"Tesla Ventilator"', '"2020-04-05T23:18:55.000Z"', '"UC5WjFrtBdufl6CZojX3D8dQ"', '"Tesla"', '2', '"Autos & Vehicles"', '"20.04.10"', '"tesla|model s|model x|model 3|powerwall|electric car|elon musk|ludicrous|battery"', '"3234392"', '"232"', '"134255"', '"1973"', '"10665"']
[94, '"aWbQ5WcB0m4"', '"Announcement Trailer - Cyber Up Your PC! Cyberpunk 2077 Case Modding Contest"', '"2020-04-07T14:45:17.000Z"', '"UC4zyoIAzmdsgpDZQfO1-lSA"', '"Cyberpunk 2077"', '20', '"Gaming"', '"20.04.10"', '"Cyberpunk|Cyberpunk 2077|CP|CP77|CP2077|2077|trailer|official|E3 Cyberpunk|E3 Cyberpunk 2077|video game|game|RPG|Night City|FPP|cd projekt|cd projekt red|CDPR|cd project|cd project red|PC|cyberup"', '"250155"', '"38"', '"10339"', '"548"', '"1150"']
[95, '"Nob8HpxACDI"', '"Who\'s DUMB ENOUGH to SPEND $500 on a DYSON FLAT IRON?"', '"2020-04-06T17:00:07.000Z"', '"UC4qk9TtGhBKCkoWz5qGJcGg"', '"Tati"', '26', '"Howto & Style"', '"20.04.10"', '"YouTube|Beauty|Makeup|Tutorial|Review|blogger|Tati|Westbrook|GlamLifeGuru|how to|makeup tutorial|Beauty expert|drugstore|luxury|favorites|Best|cosmetics|Tati Westbrook|Tati Beauty|Halo Beauty|Makeup Review|New Makeup|Weird Makeup"', '"1069375"', '"937"', '"36683"', '"2029"', '"3881"']
[96, '"qWvd2_pha34"', '"REVEALING MY NEW HAIR....... omfg"', '"2020-04-05T23:36:28.000Z"', '"UCf5Z8I0Yy0_-a-xAu2_0Yiw"', '"Sarah Baska"', '24', '"Entertainment"', '"20.04.10"', '"sarah baska|hair|bleaching hair|bleaching|brad mondo|dying hair|hair dye|bleach|new hair|corona|quarantine|funny|comedy"', '"950353"', '"1509"', '"57433"', '"1474"', '"9627"']
[97, '"v8P_go_vj00"', '"Anderson .Paak, Justin Timberlake - Don\'t Slack (from Trolls World Tour) (Official Video)"', '"2020-04-06T15:00:11.000Z"', '"UCsXfDf1CDgU3SCt0gxJNXGg"', '"justintimberlakeVEVO"', '10', '"Music"', '"20.04.10"', '"anderson paak|justin timberlake|don‚Äôt slack|don‚Äôt slack trolls|don‚Äôt slack video|don‚Äôt slack official video|anna kendrick|anna kendrick dance|anna kendrick don‚Äôt slack|trolls world tour|don‚Äôt slack trolls world tour|don‚Äôt slack lyrics|trolls video|justin timberlake trolls|trolls soundtrack|trolls world tour movie|trolls movie|don‚Äôt slack song|trolls don‚Äôt|mirrors|mirrors justin timberlake|justin timberlake sexyback|paak"', '"512858"', '"196"', '"16794"', '"757"', '"829"']
[98, '"jJSfz7POzM8"', '"Fauci says coronavirus deaths will keep rising even as new U.S. cases stabilize"', '"2020-04-05T17:43:24.000Z"', '"UC2x_qNZXKDxNP1j4jvHATRQ"', '"Face the Nation"', '25', '"News & Politics"', '"20.04.10"', '"video|cbs|news|doctor|anthony fauci|national institute|allergy|infectios diseases|US|struggle|control|coronavirus"', '"1061685"', '"520"', '"6868"', '"1793"', '"4999"']
[99, '"THxmiog5PjU"', '"Drake - Toosie Slide Dance Choreography ft Kenneth, Ranz & Niana, AC, Nicole, Gabe Tati & more"', '"2020-04-06T20:04:04.000Z"', '"UCczFdwWpVEpoqb-eMm4c4dQ"', '"Matt Steffanina"', '24', '"Entertainment"', '"20.04.10"', '"toosie slide|dance|choreography|matt steffanina|ranz|niana|nicole laeno|kenneth san jose|ac bonifacio|tutorial|how to dance"', '"435932"', '"646"', '"17702"', '"251"', '"796"']
[100, '"85zMGIy9R7k"', '"Miranda Lambert - Bluebird (From ACM Presents: Our Country)"', '"2020-04-06T07:00:02.000Z"', '"UCJQplYDHQjYbmADXC-_y27Q"', '"mirandalambertVEVO"', '10', '"Music"', '"20.04.10"', '"acm our country|acm 2020|acm country|performance|official video|wildcard|way too pretty for prison|white trash|holy water|how dare you love|fire escape|tequila does|track record|wildcard up my sleeve|tiktok|tik tok|mess with my head|locomotive|dogs|maren morris|Something bad|mamas broken heart|kerosene|white liar|little red wagon|we should be friends|dead flowers|pink sunglasses|pushing time|pistol annies|at home"', '"398353"', '"160"', '"12693"', '"198"', '"953"']
[101, '"wa4m5MBQUls"', '"Coronavirus: Boris Johnson moved to intensive care as symptoms \'worsen\' - BBC Newsnight"', '"2020-04-06T23:54:19.000Z"', '"UC6o-wWU-v2ClFMwougmK7dA"', '"BBC Newsnight"', '25', '"News & Politics"', '"20.04.10"', '"covid19|Coronavirus|covid-19 v the flu|coronavirus symptoms|the coronavirus|bbc news night coronavirus|coronavirus|bbc|coronavirus uk|coronavirus Britain|bbc newsnight|uk lockdown|Boris Johnson|coronavirus conspiracy|coronavirus latest news|bbc news|coronavirus outbreak|covid-19|coronavirus news|boris johnson intensive care|prime minister intensive care|Boris intensive care|intensive care unit|icu|prime minister|boris johnson coronavirus|pandemic|maitlis"', '"463275"', '"933"', '"2339"', '"321"', '"3546"']
[102, '"2klmuggOElE"', '"The Queen\'s Coronavirus broadcast: \'We will meet again\' - BBC"', '"2020-04-05T19:09:26.000Z"', '"UCCj956IF62FbT7Gouszaj9w"', '"BBC"', '25', '"News & Politics"', '"20.04.10"', '"BBC iPlayer|United Kingdom|British TV|British TV Shows|Watch UK TV Online|Watch British TV Online|Watch British TV Shows Online|royal family|2019 queens speech|queens speech 2020|british queen speech|queen speech 2020|coronavirus speech|queens message"', '"2515547"', '"270"', '"57032"', '"4243"', '"11076"']
[103, '"GegN_AXWWqc"', '"Dixiedo fox runs away with my phone. Tries to bury it"', '"2020-04-05T21:35:40.000Z"', '"UCb3KY97ICfIkDJY_p6d7yig"', '"SaveAFox"', '15', '"Pets & Animals"', '"20.04.10"', '"[none]"', '"1932824"', '"83"', '"92742"', '"595"', '"6891"']
[104, '"pkdKewMqQNc"', '"Maggie Returns | The Walking Dead Season 10 Finale Sneak Peek"', '"2020-04-06T02:00:07.000Z"', '"UCmWyesNAlftV3kJlFhD6q6w"', '"The Walking Dead"', '24', '"Entertainment"', '"20.04.10"', '"walking dead season finale|walking dead season 10 finale|walking dead season 10 episode 16|walking dead maggie|maggie returns walking dead|maggie returns twd|walking dead whisperer war|highlights walking dead|walking dead moments|the walking dead show|best walking dead|The walking dead|walking dead|walking dead amc|amc|TWD|the walking dead season|zombies|zombie show|zombie outbreak|apocalypse|apocalypse tv show|tv series"', '"498213"', '"161"', '"9067"', '"316"', '"2812"']
[105, '"fBymZ4X_Gps"', '"How To Make McDonald\'s Chicken McNuggets"', '"2020-04-06T18:30:07.000Z"', '"UCR4s1DE9J4DHzZYXMltSMAg"', '"HowToBasic"', '26', '"Howto & Style"', '"20.04.10"', '"how to make mcdonald\'s chicken nuggets|how to make mcdonald\'s chicken mcnuggets|how to make chicken nuggets|mcdonald\'s nuggets recipe|how mcdonald\'s nuggets are made|how chicken nuggets are made|McDonald\'s|secret recipe|mcdonalds recipe|secret mcdonald\'s recipe|fast food recipe|chicken mcnuggets|mcdonald\'s chicken mcnuggets recipe|recipe"', '"1805807"', '"190"', '"116329"', '"10512"', '"13031"']
[106, '"sQxn1Pykbyg"', '"Gordon Ramsay Shows How To Make A Lamb Chop Dish At Home | Ramsay in 10"', '"2020-04-05T16:00:11.000Z"', '"UCIEv3lZ_tNXHzL3ox-_uUGQ"', '"Gordon Ramsay"', '24', '"Entertainment"', '"20.04.10"', '"Gordon|Gordon Ramsay|Ramsay|Ramsey|Chef Ramsay|Recipe|Recipes|Food|Cooking|Cookery|gordon ramsay cooking|gordon ramsay cooking tips|gordon ramsay cooking tutorial|gordon ramsay lamb|gordon ramsay lamb chops|gordon ramsay lamb recipe|gordon ramsay son|gordon ramsay lamb chops recipe|lamb|lamb chops|lamb recipe|lamb chops recipe"', '"4167654"', '"943"', '"116627"', '"2389"', '"11781"']
[107, '"eaGnyaR2B7s"', '"Adam Savage Explains His Scary Hand Injury!"', '"2020-04-06T14:00:17.000Z"', '"UCiDJtJKMICpb9B1qf7qjEOA"', '"Adam Savage‚Äôs Tested"', '28', '"Science & Technology"', '"20.04.10"', '"tested|adam savage|ask adam|tools|workshop|cave|tested adam savage|inside adam savages cave|ask adam anything|ask adam savage anything|adam savage jamie hyneman|adam and jamie|adam savage answers|ask adam savage|adam savage cosplay|adam savage tested|mythbusters|mythbusters tv show|injury|hand|lathe|finger|cut|story"', '"550190"', '"758"', '"25263"', '"352"', '"5043"']
[108, '"C3a6KuP1X14"', '"The Nanny Episode 1: Pandemic Table Read #WithMe"', '"2020-04-06T16:00:06.000Z"', '"UCz97F7dMxBNOfGYu3rx8aCw"', '"Sony Pictures Entertainment"', '24', '"Entertainment"', '"20.04.10"', '"The Nanny|The Nanny Episode 1|Nanny Table Read|Fran Drescher|The Nanny Table Read|The Nanny Fran Drescher|Pandemic Table Read|Stay Home|With Me|Sony Pictures Television|Sony The Nanny|Charles Shaughnessy|Daniel David|Lauren Lane|Fran Fine|The Nanny Roku|The Nanny Ep 1|Ep 1 Table Read|Quarantine Content|The Nanny Quarantine"', '"1062916"', '"1989"', '"37731"', '"132"', '"4130"']
[109, '"QOYvWpYDr3Q"', '"Bitten While Defending A Friend"', '"2020-04-04T19:00:10.000Z"', '"UCu6v4AdYxVH5fhfq9mi5llA"', '"Let Me Explain Studios"', '1', '"Film & Animation"', '"20.04.10"', '"bitten|while|defending|friend|Rebecca Parham|Let Me Explain Studios|animated|animator|storytime|storytelling|storyteller|cartoon|funny|animation|school"', '"3691063"', '"501"', '"186189"', '"2329"', '"22371"']
[110, '"yxt6f9purlM"', '"Crushing Crunchy & Soft Things by Car! EXPERIMENT: Car vs Coca Cola, Fanta, Mirinda Balloons"', '"2020-04-06T14:07:51.000Z"', '"UCqsS8fU6yVxrJr5y_CoUn3w"', '"HaerteTest"', '28', '"Science & Technology"', '"20.04.10"', '"Experiment|Crunchy|Soft|vs|Car|Crushing|Balloons|and More|by car|car experiment|Warning|Dangerous|Crash|Test|Dont|Try|This|by|yourself|coca|cola|with|balloons|vs car|crunchy & soft|things|coca cola|fanta|mirinda|water|ballons|for kids|colors|water ballons|ice cream|and more|crushing by car|slime|foam|fun|iphones|amazing|wow|show|coke|candy|glitter|glider|challenge|destroy|destruction|iphone x|slow|motion|will it survive?|top 10|life|hack|gear"', '"14880945"', '"197"', '"59935"', '"31556"', '"4775"']
[111, '"5xNrAVoFT0o"', '"Game Theory: FNAF, The Grave Robber (Five Nights At Freddy\'s)"', '"2020-04-04T18:05:12.000Z"', '"UCo_IB5145EVNcf8hw1Kku7w"', '"The Game Theorists"', '20', '"Gaming"', '"20.04.10"', '"FNAF|five nights at freddy\'s|fnaf theory|five nights at freddy\'s theory|fazbear frights|fnaf fetch|five nights at freddys|fnaf ar|fnaf vr|fnaf vr help wanted|fnaf vr ending|fnaf vr dlc|fnaf help wanted|fnaf special delivery|new fnaf teaser|fnaf sister location|sister location|fnaf world|scott cawthon|new fnaf|fnaf trailer|new fnaf trailer|fnaf books|game theory|game theorists|matpat|game theory FNAF|matpat fnaf|fnaf"', '"3633730"', '"1255"', '"205986"', '"3301"', '"25261"']
[112, '"fm9An7atrMo"', '"My Pregnant Cat Is Going Into Labor"', '"2020-04-06T21:15:02.000Z"', '"UCE4hoGDQruxi8_hUqB6tLVw"', '"Joey Graceffa Vlogs"', '15', '"Pets & Animals"', '"20.04.10"', '"joey graceffa|joey graceffa vlogs|joey graceffa youtube|youtube joey graceffa|joey graceffa vlogs youtube|youtube joey graceffa vlogs|pregnant cat|cat gives birth|kittens|kittens born|cat rescue|cat foster|baby kittens|cat adoption|kitten adoption"', '"695889"', '"615"', '"46014"', '"684"', '"7027"']
[113, '"2jna3dWEnzo"', '"The Strokes - Brooklyn Bridge To Chorus (Audio)"', '"2020-04-06T12:00:05.000Z"', '"UC_JnlnBEy6F7CuwIQ-KSGBg"', '"thestrokesVEVO"', '10', '"Music"', '"20.04.10"', '"brooklyn bridge song|the strokes brooklyn bridge|brooklyn bridge the strokes|brooklyn bridge the new abnormal|brooklyn bridge to chorus the strokes|the strokes brooklyn bridge to chorus|brooklyn bridge to chorus audio|brooklyn bridge to chorus official|the strokes brooklyn bridge lyrics|the strokes brooklyn bridge to chorus official lyrics|brooklyn bridge to chorus lyrics|bad decisions video|making bad decisions|the|strokes|bad"', '"696826"', '"238"', '"41722"', '"399"', '"3064"']
[114, '"oQLymYQUYVs"', '"LA Mayor Eric Garcetti gives coronavirus update| NBC News"', '"2020-04-07T01:26:07.000Z"', '"UCeY0bbntWzzVIaj2z3QigXg"', '"NBC News"', '25', '"News & Politics"', '"20.04.10"', '"[none]"', '"515498"', '"3603"', '"1387"', '"257"', '"439"']
[115, '"GtuJbJ4VwQA"', '"Doobie - I Don\'t Wanna Talk About Love (Official Video)"', '"2020-04-06T00:00:14.000Z"', '"UCdAFbocCSvZy46rh0bUEDIg"', '"Doobie"', '10', '"Music"', '"20.04.10"', '"doobie|new doobie|doobie 2020|i dont wanna talk about love|doobie music|scfmg|idwtal|doobie video|doobie bandit|doobie bvndit|columbus hip hop|hip hop|rap|new hip hop|Doobie I don\'t wanna talk about love|Hip Hop playlist|Doobie Playlist|New doobie song|trap|trap playlist|hip hop nation|trap nation"', '"555389"', '"144"', '"12901"', '"269"', '"591"']
[116, '"OzbWMNTweXs"', '"UPDATE on my Son..."', '"2020-04-06T21:15:00.000Z"', '"UCke6I9N4KfC968-yRcd5YRg"', '"SSundee"', '20', '"Gaming"', '"20.04.10"', '"[none]"', '"2335661"', '"458"', '"184910"', '"1623"', '"30543"']
[117, '"DYiIlP8FbOg"', '"Pittsburgh Dad Homeschooling the Kids"', '"2020-04-06T14:47:32.000Z"', '"UCXy7f-o2lGoF1PZ-FKeDtSg"', '"Pittsburgh Dad"', '23', '"Comedy"', '"20.04.10"', '"Pittsburgh Dad|Curt Wootton|Chris Preksta|Steelers|Penguins|Pens|Pirates|Kennywood|Pittsburgh|funny|comedy|sitcom|skit|sketch|stand-up"', '"131818"', '"118"', '"3753"', '"102"', '"250"']
[118, '"-sKqPjhSiq0"', '"MAX ÏµúÍ∞ïÏ∞ΩÎØº \'Chocolate\' MV"', '"2020-04-06T09:00:12.000Z"', '"UCEf_Bc-KVd7onSeifS3py9g"', '"SMTOWN"', '10', '"Music"', '"20.04.10"', '"MAX|Chocolate|MV|music video|TVXQ!|Solo|Mini Album|ÏµúÍ∞ïÏ∞ΩÎØº|Ï¥àÏΩúÎ¶ø|ÎÆ§ÏßÅÎπÑÎîîÏò§|ÎÆ§ÎπÑ|ÎèôÎ∞©Ïã†Í∏∞|ÏÜîÎ°ú|ÎØ∏ÎãàÏï®Î≤î|Ìã∞Ï†Ä|ÏµúÏ¥àÍ≥µÍ∞ú|premiere"', '"1792147"', '"177"', '"224068"', '"2198"', '"12420"']
[119, '"a_3udEttUaU"', '"when you wake blathers"', '"2020-04-05T19:36:06.000Z"', '"UC6MFZAOHXlKK1FI7V0XQVeA"', '"ProZD"', '1', '"Film & Animation"', '"20.04.10"', '"blathers|when you wake|owl|museum|animal crossing|new horizons|leaf|nintendo|switch|hoo|hoot|loud|scream|waking"', '"519209"', '"4"', '"36888"', '"338"', '"887"']
[120, '"L6P3nI6VnlY"', '"Extraction | Official Trailer | Netflix"', '"2020-04-07T11:00:00.000Z"', '"UCWOA1ZGywLbqmigxE4Qlvuw"', '"Netflix"', '24', '"Entertainment"', '"20.04.10"', '"Action|Chris Hemsworth|Russo Brothers|Movie|Thriller|David Harbour|Netflix|Trailer|Golshifteh Farahani|Sam Hargrave|Stunts|Avengers|Thor|Joe Russo|Anthony Russo"', '"2992862"', '"183"', '"113931"', '"1526"', '"7143"']
[121, '"E_iMRrjJbhk"', '"Brie & Bryan mourn the loss of Josie at her funeral ‚Äì Total Bellas Exclusive"', '"2020-04-05T13:28:59.000Z"', '"UCIJnHb6meZoOjKF68h35QgQ"', '"The Bella Twins"', '22', '"People & Blogs"', '"20.04.10"', '"the bella twin|bellas|brie bella|nikki bella|bella wwe|bella youtube channel|nikki bella vlog|brie bella vlog|wwe vlogs|Total Bellas|Brie Bella|Nikki Bella|Artem Chigvintsev|Daniel Bryan|Birdie Joe Danielson|Josie|Brie & Bryan\'s Bulldog|total bellas clips|new season total bellas|brie bella dog|daniel bryan dog|josie bella|josie danielson|dog death"', '"1037426"', '"128"', '"21703"', '"1464"', '"1954"']
[122, '"obt6HZh__CE"', '"hey, been a while"', '"2020-04-03T21:10:29.000Z"', '"UCiYcA0gJzg855iSKMrX3oHg"', '"CoryxKenshin"', '22', '"People & Blogs"', '"20.04.10"', '"coryxkenshin|cory|kenshin|returns|2020|is|back|im|disappeared|never|coming|when|he|funny|hilarious|moments|vlog|japan|make a wish|9 months|stopped|uploading|on|youtube|comeback|hiatus|break|shogun|samurai"', '"5086500"', '"951"', '"706891"', '"6271"', '"335693"']
[123, '"xWggTb45brM"', '"Drake - Toosie Slide"', '"2020-04-03T04:15:05.000Z"', '"UCQznUf1SjfDqx65hX3zRDiA"', '"DrakeVEVO"', '10', '"Music"', '"20.04.10"', '"Drake|Toosie|Slide|OVO|Hip|Hop"', '"21046047"', '"312"', '"826968"', '"31027"', '"8947"']
[124, '"wlE7KOUXYQY"', '"PLUS ULTRA PROMINENCE BURN! | My Hero Academia"', '"2020-04-04T19:00:28.000Z"', '"UC6pGDc4bFGD1_36IKv3FnYg"', '"Crunchyroll Collection"', '1', '"Film & Animation"', '"20.04.10"', '"crunchyroll|anime|anime trailer|anime preview|anime full episode|crunchyroll collection|daily clips|anime pv|anime op|anime opening|anime highlights|mha|bnha|my hero academia|boku no hero academia|ÂÉï„ÅÆ„Éí„Éº„É≠„Éº„Ç¢„Ç´„Éá„Éü„Ç¢|season 4|s4|episode 88|ep88|endeavor|nomu|prominence burn|plus ultra|fight|battle|vs"', '"2125007"', '"126"', '"70027"', '"427"', '"6252"']
[125, '"NZUcXxKjIJk"', '"I Tried the Worst Rated Amazon Nail Products"', '"2020-04-04T15:30:10.000Z"', '"UCGCVyTWogzQ4D170BLy2Arw"', '"Simply Nailogical"', '24', '"Entertainment"', '"20.04.10"', '"nails|nail art|nail tutorial|beauty tutorial|nail art tutorial|diy nails|diy nail art|simply nailogical|cristine|amazon|lowest rated|1-star|one star|bad reviews|low rated|testing|trying|i tried|worst|worst products|amazon nail products|amazon worst|worst rated|1 star review|simply testing|testing out|vacuum nails|nail dust|dust collector|weird products|weird amazon|strange|weird nail tools"', '"2068305"', '"1180"', '"100046"', '"1458"', '"5593"']
[126, '"alOwWr7NsIk"', '"OUR MORNING ROUTINE IN QUARANTINE..."', '"2020-04-04T21:13:56.000Z"', '"UCWwWOFsW68TqXE-HZLC3WIA"', '"The ACE Family"', '22', '"People & Blogs"', '"20.04.10"', '"the ace family our morning routine in quarantine|ace family our morning routine in quaratine|our morning routine in quarantine|our morning routine|our new morning routine|morning routine|the ace family|ace family|ace family morning routine|family morning routine"', '"4278526"', '"1644"', '"190726"', '"3417"', '"22625"']
[127, '"OOJqHPfG7pA"', '"What Coronavirus Symptoms Look Like, Day By Day"', '"2020-03-18T17:52:24.000Z"', '"UC9uD-W5zQHQuAVT2GdcLCvg"', '"Science Insider"', '28', '"Science & Technology"', '"20.04.10"', '"Business Insider|Science Insider"', '"13884474"', '"319"', '"185435"', '"5146"', '"16080"']
[128, '"KfhSDcy-9RA"', '"Lava vs Iphone XS!"', '"2020-04-05T20:17:46.000Z"', '"UCUaT_39o1x6qWjz7K2pWcgw"', '"BeastHacks"', '24', '"Entertainment"', '"20.04.10"', '"life hacks|crafts|slime|do it yourself|diy|lifehacks|dily projects|useful things|how to|experiment|experiments|diy activities|handcraft|prank|funny|challenge|pranks|secret|diy slime|laugh|new|skills|tricks|tips|fun"', '"272709"', '"717"', '"9837"', '"756"', '"1042"']
[129, '"GkcduBa9dLg"', '"DIY *NO SEW* FACE MASKS! (free and easy!)"', '"2020-04-04T18:17:33.000Z"', '"UCJA8OyDxRY-wm0ya2gtHOsw"', '"Do It On A Dime"', '26', '"Howto & Style"', '"20.04.10"', '"doitonadime|home organization|home organizing|organizing tips|budget organization|dollar tree|cleaning"', '"988425"', '"194"', '"37394"', '"1308"', '"1364"']
[130, '"q57D33ErXsI"', '"My dog Thurnis"', '"2020-04-04T19:00:10.000Z"', '"UCoQHs6PAQErJCC3T5HSLmZw"', '"SomeThingElseYT2"', '24', '"Entertainment"', '"20.04.10"', '"My dog|dog|cute|thurnis|somethingelseyt|somethingelseyt\'s dog|somethingelseyts pet|funny|lol|comedy"', '"627729"', '"252"', '"59543"', '"373"', '"5834"']
[131, '"SjOcMfiPgUo"', '"It\'s Okay God (FULL VIDEO) Karan Aujla I Rupan Bal I Proof I Latest Punjabi Songs 2020"', '"2020-04-05T07:30:12.000Z"', '"UCm9SZAl03Rev9sFwloCdz1g"', '"Rehaan Records"', '10', '"Music"', '"20.04.10"', '"[none]"', '"6502630"', '"199"', '"428800"', '"14999"', '"35006"']
[132, '"QtvNc9vhx94"', '"New York: the new deadly epicentre of the coronavirus crisis | 60 Minutes Australia"', '"2020-03-30T02:13:27.000Z"', '"UC0L1suV8pVgO4pCAIBNGx5w"', '"60 Minutes Australia"', '24', '"Entertainment"', '"20.04.10"', '"60 Minutes|60 Minutes Australia|Liz Hayes|Charles Wooley|Tara Brown|Liam Bartlett|Allison Langdon|Tom Steinfort|Ellen Fanning|Peter Overton|Tracey Curro|Paul Barry|Peter Harvey|Michael Usher|Ross Coulthart|George Negus|Ian Leslie|Gerald Stone|Sarah Abo|coronavirus|covid19|covid|new york|nyc|new york coronavirus epicentre|new york icu|hospitals|coronavirus patients|ventilator shortage|ppe shortage"', '"685067"', '"408"', '"7724"', '"530"', '"0"']
[133, '"Am2zMjOkZuU"', '"DABI\'S REAL NAME! His ULTIMATE Plan REVEALED - My Hero Academia War Arc"', '"2020-04-05T23:03:35.000Z"', '"UCb9CyYGTSHwh9pASlZtMI3A"', '"Plot Armor"', '1', '"Film & Animation"', '"20.04.10"', '"my hero academia|dabi|dabi vs hawks|hawks vs dabi|dabi real name|dabi\'s name|dabi is touya|dabi is a todoroki|dabi\'s plan|dabi name reveal|dabi tells hawks his name|dabi my hero academia|my hero academia dabi|my hero academia chapter 267|my hero academia 267|boku no hero academia|boku no hero academia chapter 267|tokoyami vs dabi|tokoyami saves hawks|plot armor|plot armor my hero academia|anime|manga|dabi todoroki|dabi touya|dabi theory"', '"419503"', '"886"', '"12176"', '"528"', '"2081"']
[134, '"FT2PLTzwm_w"', '"Jorge & Mateus - Live Na Garagem"', '"2020-04-05T04:32:10.000Z"', '"UCL64gn1KZ1C-u87BGQv3b6w"', '"Jorge & Mateus Oficial"', '10', '"Music"', '"20.04.10"', '"[none]"', '"39863811"', '"15906"', '"2432067"', '"39106"', '"11185"']
[135, '"9GkllX0l52g"', '"GOT7 DYE CINEMA TRAILER"', '"2020-04-05T15:00:04.000Z"', '"UCaO6TYtlC8U5ttz62hTrZgg"', '"jypentertainment"', '10', '"Music"', '"20.04.10"', '"JYP Entertainment|JYP|JB|ÎßàÌÅ¨|Ïû≠Ïä®|ÏßÑÏòÅ|ÏòÅÏû¨|Î±ÄÎ±Ä|Ïú†Í≤∏|GOT7|Í∞ìÏÑ∏Î∏ê|mark|jackson|jingyoung|youngjae|bambam|yugyeom|Ï†úÏù¥ÎπÑ|Í∞ìÏÑ∏Î∏ê Ï†úÏù¥ÎπÑ|Í∞ìÏÑ∏Î∏ê ÎßàÌÅ¨|Í∞ìÏÑ∏Î∏ê Ïû≠Ïä®|Í∞ìÏÑ∏Î∏ê ÏßÑÏòÅ|Í∞ìÏÑ∏Î∏ê ÏòÅÏû¨|Í∞ìÏÑ∏Î∏ê Î±ÄÎ±Ä|Í∞ìÏÑ∏Î∏ê Ïú†Í≤∏|got7 jb|got7 mark|got7 jackson|got7 jinyoung|got7 bambam|got7 yugyeom|JYP TEASER|GOT7 MINI ALBUM|GOT7 TEASER|Í∞ìÏÑ∏Î∏ê Ìã∞Ï†Ä|GOT7 M/V|Í∞ìÏÑ∏Î∏ê ÎÆ§ÏßÅÎπÑÎîîÏò§|GOT7 MV TEASER|DYE|NOT BY THE MOON|GOT7 NOT BY THE MOON|GOT7 DYE"', '"1194062"', '"121"', '"228231"', '"784"', '"14646"']
[136, '"oKt58b7AwJc"', '"Tales of Runeterra: Demacia | ‚ÄúBefore Glory‚Äù"', '"2020-04-06T17:00:19.000Z"', '"UC2t5bjwHdUX4vM2g8TRDq5g"', '"League of Legends"', '20', '"Gaming"', '"20.04.10"', '"Riot Games|Riot|League of Legends|League|LoL|MOBA|trailer|cinematic|cg|short|animation|animated|movie|riot|riot games|champions|card game|moba|legends of runeterra|legends runeterra|legends|runeterra|runterra|LoR|league of legends|league|garen|fiora|noxus|ionia|shadow isles|demacia|piltover|zaun|freljord"', '"3019903"', '"160"', '"150172"', '"2541"', '"8652"']
[137, '"zm_NmpdgWWA"', '"How to SEW a REUSABLE FACE MASK  with FILTER POCKET// DIY Fabric Face mask // BATCH sew Medical mask"', '"2020-04-03T18:51:20.000Z"', '"UCv71n9T8O8En2ybSAO6WlWw"', '"homemadeonourhomestead"', '22', '"People & Blogs"', '"20.04.10"', '"fabric face mask|how to batch sew medical face masks for hospitals|DIY fabric face mask sewing patter|How to sew a medical face mask|Beginner fabric face mask sewing project|How to sew a fabric face mask|Reusable fabric face mask|5 minute medical face mask"', '"2508812"', '"666"', '"48987"', '"1169"', '"3210"']
[138, '"qzZY7oDpdwU"', '"Korean Street Toast (Í∏∏Í±∞Î¶¨ÌÜ†Ïä§Ìä∏) Gilgeori-toast"', '"2020-04-05T20:17:55.000Z"', '"UC8gFadPgK2r1ndqLI04Xvvw"', '"Maangchi"', '26', '"Howto & Style"', '"20.04.10"', '"Korean food|Korean cooking|Maangchi|Maangchi recipes|Korean cuisine|Korean street toast|Korean street food|Í∏∏Í±∞Î¶¨ÌÜ†Ïä§Ìä∏|Korean toast"', '"453022"', '"632"', '"19690"', '"397"', '"1239"']
[139, '"RZZOmWljnAc"', '"Costco Is Making A Big Change To Its Membership Policy"', '"2020-04-04T01:30:02.000Z"', '"UCGvIBxqin_rx3sY9qacQEhQ"', '"Mashed"', '24', '"Entertainment"', '"20.04.10"', '"mashed|mashed food|costco|costco policy|costco store policy|costco changes|costco store policy corona|costco store policy coronavirus|costco store policy covid-19|costco guest changes|costco member changes|costco guest members|costco membership|costco supplies|costco shopping|costco crowded|costco membership policy|costco membership policy changes|costco membership policy changed"', '"1866995"', '"271"', '"13138"', '"1291"', '"1594"']
[140, '"CLoiELbCn1E"', '"Rod Wave - Girl Of My Dreams (Official Audio)"', '"2020-04-03T04:00:05.000Z"', '"UCenjunBhBhvKjfDAESnoppw"', '"RodWave"', '10', '"Music"', '"20.04.10"', '"rod wave|hunger games|hunger games 3|ptsd|ghetto gospel|kevin gates|lil durk|nba youngboy|NLE Choppa|Drake|Juice Wrld|Roddy Rich|YK Osiris|Yella Beezy|Jackboy|OG3Three|YFN Lucci|Money Man|Q Money|Yung Dolph|Pray 4 love|Pray|Love|Pray For Love|Cuban Link|Heart On Ice|Ghetto Gospel|Heart|pray|pray for love|pray 4 love|rod wave pray for love|hip hop|rap|2020|music|rod|wave|pray for love rod wave|pray for|girl of my dreams|girl|dreams"', '"4651619"', '"160"', '"95790"', '"2645"', '"3655"']
[141, '"y67x0Hu8ssU"', '"F1 Virtual Grand Prix! Full Race | Albert Park Circuit"', '"2020-04-05T20:35:20.000Z"', '"UCB_qr75-ydFVKSF9Dmo6izg"', '"FORMULA 1"', '20', '"Gaming"', '"20.04.10"', '"[none]"', '"1720353"', '"5577"', '"34384"', '"1469"', '"1211"']
[142, '"ApYdTqNG-_k"', '"Insane 2HYPE INDOOR Soccer Tennis!!"', '"2020-04-05T01:34:51.000Z"', '"UCOYSYNsxTfGTGbMu2c-kpfg"', '"Mopi"', '24', '"Entertainment"', '"20.04.10"', '"2HYPE soccer|2HYPE mopi|mopi soccer tennis|soccer tennis|soccer|tennis|jesser soccer|moochie soccer|zackttg soccer|2HYPE|Soccer challenge"', '"460794"', '"699"', '"22527"', '"336"', '"1548"']
[143, '"ZNzs9pKf0eA"', '"Nightly News Full Broadcast (April 4th)"', '"2020-04-05T05:32:33.000Z"', '"UCeY0bbntWzzVIaj2z3QigXg"', '"NBC News"', '25', '"News & Politics"', '"20.04.10"', '"Nightly Netcast|Nightly News Netcast"', '"2903317"', '"1313"', '"15797"', '"2086"', '"8711"']
[144, '"4WVAB9o_wYQ"', '"WE\'RE MOVING AGAIN? (MILLION DOLLAR HOUSE TOUR)"', '"2020-04-06T00:30:38.000Z"', '"UCtj45MepAoKxZoyR_Mnt86Q"', '"Royal Family"', '24', '"Entertainment"', '"20.04.10"', '"queen Naija|Medicine|Queen|Spicy|Royalty Squad|Spicy Mafia|ClarenceNYC TV|Medicine by Queen|Music|Personality|Funny Videos|Singing Videos|Chris and Queen|Divorce|Record Labels|Marriage|Relationships|Brands|Clothes|Beauty|Confidence|Make Up"', '"573842"', '"1126"', '"28767"', '"979"', '"3154"']
[145, '"K5PQQfi3YQI"', '"Which Twin Can go Viral on Tik Tok? SISTER vs SISTER"', '"2020-04-06T00:17:54.000Z"', '"UCuVHOs0H5hvAHGr8O4yIBNQ"', '"Niki and Gabi"', '26', '"Howto & Style"', '"20.04.10"', '"which twin can go viral on tik tok|tik tok|tik tok challenge|sister vs sister|niki and gabi|sister vs sister challenge|viral on tik tok|going viral on tik tok|sister challenge|sisters|sisters tik tok"', '"1373397"', '"892"', '"67594"', '"1150"', '"4571"']
[146, '"ZHuv0hO-D7w"', '"Kane Brown, John Legend - Last Time I Say Sorry (Official Video)"', '"2020-04-03T21:15:10.000Z"', '"UCsEj8E122ibbJetQe8BoV7g"', '"KaneBrownVEVO"', '10', '"Music"', '"20.04.10"', '"John Legend sorry|sorry|last time|john lengend kane brown sorry|kane brown john legend last time|john legend kane brown last time|what ifs|homesick|the voice|tiktok|video I saw on tiktok|video from tiktok|heaven|one thing right|marshmello|kb last time|lose it|good as you|all of me|bigger love|worldwide beautiful|john legend actions|Country|Kane Brown & John Legend|Last Time I Say Sorry|RCA Records Label Nashville"', '"1508143"', '"197"', '"71847"', '"1159"', '"1682"']
[147, '"AEz4hlO_kDo"', '"Palm Sunday and the Passion of the Lord by Pope Francis | Live Recorded"', '"2020-04-05T10:55:24.000Z"', '"UCErQl0ZF36rb667dMJCjC3A"', '"Shalom World"', '25', '"News & Politics"', '"20.04.10"', '"Vatican live|Palm Sunday|holy week live|palm sunday live|shalom world|catholic channel|christian media"', '"461765"', '"6243"', '"7427"', '"782"', '"712"']
[148, '"3fG8rNHUspU"', '"PEPCORN: a cooking video | bdg"', '"2020-04-04T16:00:00.000Z"', '"UCakAg8hC_RFJm4RI3DlD7SA"', '"brian david gilbert"', '26', '"Howto & Style"', '"20.04.10"', '"brian|david|gilbert|BDG|funny|humor|music|song|awkward|goofy|live|comedy|guy|joking|songs|singing|polygon|pepcorn|popcorn|recipe|cooking|video|bon appetit|hunzi|matt hunziker|it\'s alive|tarzan|phil collins|lao gan ma|spicy|savory|theater|salt|wok|pop"', '"730596"', '"738"', '"83448"', '"689"', '"4481"']
[149, '"qaA7HuhH6Ko"', '"Anuel AA - 3 de abril [Official Audio]"', '"2020-04-03T03:41:20.000Z"', '"UCRI7hheejBbWS6etTNwMT0g"', '"Anuel AA"', '10', '"Music"', '"20.04.10"', '"Anuel AA|anuel|Free anuel|3 de abril|real hasta la muerte"', '"14855803"', '"225"', '"626157"', '"16843"', '"36298"']
[150, '"JR5yb4sFDTo"', '"PRINTABLE Pattern For Face Mask FREE! üòç Try this Reversible Face Mask DIY!"', '"2020-04-04T15:00:07.000Z"', '"UCWfwA2Rcw6GRFESo8o622Bw"', '"Anjurisa"', '26', '"Howto & Style"', '"20.04.10"', '"printable pattern for face mask|printable pattern face mask|reversible face mask|how to make fabric mask at home|how to sew mask for face|how to sew face mask at home easy|how to make fabric mask|diy fabric face mask easy|cloth face mask diy|cloth mask making easy|fabric mask tutorial|diy fabric face mask|fabric mask diy|how to sew face mask pattern|how to sew mask at home|cloth mask making ideas|fabric mask how to make|cloth mask making at home|fabric mask"', '"513166"', '"314"', '"11349"', '"244"', '"260"']
[151, '"Gxb9_4BPIGo"', '"i made the tiktok whipped coffee"', '"2020-04-03T19:18:07.000Z"', '"UC1KsxDW7hhfeq5QQmFtInIw"', '"julien solomita"', '24', '"Entertainment"', '"20.04.10"', '"julien solomita|vlogs|vlogs by julien|how to|jenna and julien|girlfriend|vegan|vegan recipe|vegan cooking|diy vegan|diy|julien cooking|gluten free|aries|aries kitchen|chef|julen|julien|best|meals|tiktok|tiktok coffee|whipped coffee|julien tiktok|julien coffee|julien tiktok coffee|foamy coffee|vegan whipped coffee|how to make whipped coffee|tik tok coffee"', '"2030351"', '"1070"', '"113591"', '"2316"', '"10184"']
[152, '"1r2C1zGUHbU"', '"DIY No Sew Face Mask Easy and Quick for Anyone"', '"2020-04-03T02:13:22.000Z"', '"UCtQVy5IY7TjSBMo-lGigfnQ"', '"Kristin Omdahl"', '26', '"Howto & Style"', '"20.04.10"', '"knit|crochet|knitting|crocheting|yarn|craft|diy|how to|how to make|como hacer|hilo|ganchillo|tejer|–í—è–∑–∞–Ω–∏–µ|–≤—è–∑–∞—Ç—å|„Éã„ÉÉ„Éà|„Åã„ÅéÈáùÁ∑®„Åø|◊ú÷¥◊°÷∞◊®◊ï÷π◊í ◊ë÷∞÷º◊û÷∑◊°◊®÷µ◊í÷∏◊î ◊ê÷∑◊ó÷∑◊™|◊ú÷¥◊°÷∞◊®◊ï÷π◊í|diy face mask|diy no sew|no sew face mask|bandana face mask"', '"5848731"', '"98"', '"59674"', '"1538"', '"4002"']
[153, '"rL85F0TXCkQ"', '"Saints Row The Third Remastered - Announce Trailer | PS4"', '"2020-04-06T14:00:23.000Z"', '"UC-2Y8dQb0S6DtpxNgAKoJKA"', '"PlayStation"', '20', '"Gaming"', '"20.04.10"', '"Saints Row|The third|remastered|comparison|Steel port|open world|action|mayhem|crazy|wild|tiger|cars|planes|gang|heist|full|package|remake|upgrade|saints row IV|saints row gat out of hell|saints row re-elected"', '"564652"', '"80"', '"28633"', '"1131"', '"4260"']
[154, '"Y5f3gS3PjJ4"', '"Stop Doing THAT To Your Face...Start Doing THIS! | Jackie Aina"', '"2020-04-04T02:55:45.000Z"', '"UCzJIliq68IHSn-Kwgjeg2AQ"', '"Jackie Aina"', '26', '"Howto & Style"', '"20.04.10"', '"makeup for dark skin|do not skin bleach|dark skin makeup tutorials|tutorials for dark skin"', '"867377"', '"2010"', '"54236"', '"912"', '"3184"']
[155, '"BaoEykfrQt0"', '"Full Race Replay | Saturday Night Thunder | iRacing from Bristol Motor Speedway"', '"2020-04-05T02:48:14.000Z"', '"UCuN9hYw2RpoAW8rZ3VK3isA"', '"NASCAR"', '17', '"Sports"', '"20.04.10"', '"iracing|bristol motor speedway|nascar|live|racing|simulator|logan seavey"', '"193584"', '"7737"', '"2735"', '"118"', '"137"']
[156, '"xa0qshcRhDQ"', '"KSI - Poppin (feat. Lil Pump & Smokepurpp) [Official Music Video]"', '"2020-04-03T14:00:23.000Z"', '"UCVtFOytbRpEvzLjvqGG5gxQ"', '"KSI"', '10', '"Music"', '"20.04.10"', '"Poppin|rap|hiphop|KingBach|BaileySok|MalyMall|TajvsTaj|Elijah Long|Kacee Devoe|Andre Jones"', '"6147817"', '"256"', '"421629"', '"36704"', '"43788"']
[157, '"8cu4qAoeXow"', '"Deadpool Has Arrived | Fortnite"', '"2020-04-03T14:01:33.000Z"', '"UClG8odDC8TS6Zpqk9CGVQiQ"', '"Fortnite"', '20', '"Gaming"', '"20.04.10"', '"Fortnite|Epic Games|PC|PS4|Xbox One|Battle Royale|Unreal Tournament|Unreal Engine|Fortnite Battle Royale|Fortnite Creative"', '"3628232"', '"38"', '"115657"', '"8161"', '"15848"']
[158, '"woXewaHgbHM"', '"TESTING VIDEO GAME GADGETS in REAL LIFE! Fortnite, Assassin\'s Creed, & Zelda vs Fruit Ninja CWC"', '"2020-04-03T20:38:20.000Z"', '"UC6Ewbj-MFWA7dXgQA9y5EEw"', '"Melvin PZ9 The Best Fighter"', '24', '"Entertainment"', '"20.04.10"', '"spy ninjas|spy ninja|melvin|pz9|cwc|chad wild clay|vy|vy qwaint|fruit ninja|spy|ninja|gadgets|trying|testing|fortnite|pickaxe|pick axe|stop axe|ruler sword|assassin\'s creed|cane sword|legend of zelda|zelda|shield|master sword|soda|bananas|pineapple|chop|slice|battle royale|funny moments|battle universe|in real life|IRL|challenge|dantdm|challenges|funny|comedy|box|vs|funny videos|game|chadwildclay|put to the test|test|ninjas|play|ninja gadgets"', '"1288122"', '"359"', '"33172"', '"10156"', '"11514"']
[159, '"HMRa9kQFzcU"', '"ARE WE DONE WITH YOUTUBE?"', '"2020-04-05T00:06:07.000Z"', '"UChhBsM9K_Bc9a_YTK7UUlnQ"', '"Pure Living for Life"', '24', '"Entertainment"', '"20.04.10"', '"[none]"', '"193315"', '"602"', '"9107"', '"3961"', '"817"']
[160, '"2YapAxPfRyI"', '"Bill Withers, Stevie Wonder, John Legend perform Lean On Me at the 2015 Induction Ceremony"', '"2020-04-03T17:49:02.000Z"', '"UClh2CI968a1tE8pQ31pg_Ww"', '"Rock & Roll Hall of Fame"', '10', '"Music"', '"20.04.10"', '"john legend bill withers lean on me|stevie wonder lean on me bill withers john legend|2015 rock and roll hall of fame induction ceremony bill withers|bill withers at the rock hall induction ceremony|rock hall 2015|lean on me by bill withers|rock hall performance lean on me bill withers"', '"1252044"', '"272"', '"20223"', '"383"', '"1278"']
[161, '"kay46Z1ZHbM"', '"Please just wash your hands... like seriously"', '"2020-04-04T13:00:19.000Z"', '"UCdyMFblTjr-C2N-T5TGftQQ"', '"Nathan Doan Comedy"', '24', '"Entertainment"', '"20.04.10"', '"wash your hands|germs|flu|sick|comedy|skit|nathan doan|when its all you can eat but you\'re too full|tik tok|L\'s theme"', '"410419"', '"209"', '"22868"', '"414"', '"2921"']
[162, '"l4ddl-SQX_8"', '"Trying Tik Tok Food Hacks to see if they work"', '"2020-04-04T19:07:08.000Z"', '"UCpB959t8iPrxQWj7G6n0ctQ"', '"SSSniperWolf"', '24', '"Entertainment"', '"20.04.10"', '"sssniperwolf|sniper wolf|reacting|reaction|funny|life hacks|tiktok|tik tok|diy|do it yourself|tiktok hacks|to|see|if|they|work|tiktok life hacks|life hack|food hacks|tiktok food hacks"', '"2698368"', '"855"', '"83457"', '"1811"', '"10038"']
[163, '"-vgRydzBsic"', '"WHY I HAD TO LET MY ANT COLONIES GO | Emotional Video"', '"2020-04-04T12:00:00.000Z"', '"UCONd1SNf3_QqjzjCVsURNuA"', '"AntsCanada"', '15', '"Pets & Animals"', '"20.04.10"', '"2020|ants|pets|terrarium|ant farm|antfarm|antscanada|animals|insects|exotic pets|myrmecology|fireants|phoenix empire"', '"1046539"', '"937"', '"73769"', '"2154"', '"17392"']
[164, '"BnhePGv0gmQ"', '"Tips & Tricks for Making Non-Surgical Protective Fabric Face Masks"', '"2020-04-03T17:01:53.000Z"', '"UC9duydx1VXTV0tP7q39S0Lw"', '"JOANN Fabric and Craft Stores"', '26', '"Howto & Style"', '"20.04.10"', '"how to make a mask|non-surgical protective masks|cotton mask|pleated cotton mask|denim mask|tips & tricks|how to make fabric ties|elastic makes my ears hurt|scrub sewing patterns|cover up|covid-19|coronovirus|fabric masks"', '"1069452"', '"283"', '"0"', '"0"', '"457"']
[165, '"y3lcPRHo_nY"', '"DIY Face Mask with Ties, Fitted Nose and Filter Pocket"', '"2020-04-03T23:09:55.000Z"', '"UCXrEE1TyCslZgsH1Pql51-Q"', '"Melanie Ham"', '26', '"Howto & Style"', '"20.04.10"', '"face mask|diy face mask|how to sew a face mask|how to make face mask|face mask tutorial|sewing|fitted nose|mask with ties|filter pocket|how to sew|sewing tutorial|melanie ham"', '"505920"', '"611"', '"6395"', '"245"', '"415"']
[166, '"G9oqvJ3iXGI"', '"Coronavirus survivor reveals what it\'s like to have Covid-19"', '"2020-03-10T16:35:46.000Z"', '"UCTrQ7HXWRRxr7OsOtodr2_w"', '"Channel 4 News"', '25', '"News & Politics"', '"20.04.10"', '"Channel 4 News|china|virus|china virus|coronavirus|virus in china|china disease|covid-19|coronavirus china|coronavirus risks|how to prevent coronavirus|coronavirus uk|coronavirus symptoms|coronavirus what is it|coronavirus china 2020|coronavirus outbreak|new china virus|coronavirus britain|wuhan|china virus wuhan|wuhan virus|wuhan coronavirus|coronavirus timeline|quarantine|who|coronavirus vaccine|vaccine|covid-19 vaccine|coronavirus explained"', '"10786485"', '"491"', '"110137"', '"6382"', '"22279"']
[167, '"Hi4oCx1NES4"', '"I Made Bread and Took a Pretend Trip to France"', '"2020-04-04T15:12:49.000Z"', '"UCBMxQPhfM6nkhQ8vPfQhkCg"', '"ThreadBanger"', '26', '"Howto & Style"', '"20.04.10"', '"DIY|threadbanger|Corinne Leigh|Rob Czar|how to|man vs pin|pinterest|pinterest fails|stay home|with me|france|bread|corinne vs pin"', '"220305"', '"918"', '"16529"', '"141"', '"2101"']
[168, '"mVZN1nBrWAg"', '"Gorillaz | Machine Bitez #6 with 2D, Murdoc & Russel"', '"2020-04-06T10:22:16.000Z"', '"UCfIXdjDQH9Fau7y99_Orpjw"', '"Gorillaz"', '1', '"Film & Animation"', '"20.04.10"', '"[none]"', '"202270"', '"56"', '"17637"', '"203"', '"1214"']
[169, '"J5nz24jrLDE"', '"Zac Efron Ups the Ante While Eating Spicy Wings | Hot Ones"', '"2020-04-02T15:00:08.000Z"', '"UCPD_bxCRGpmmeQcbe2kpPaA"', '"First We Feast"', '26', '"Howto & Style"', '"20.04.10"', '"First we feast|fwf|firstwefeast|food|food porn|cook|cooking|chef|kitchen|recipe|cocktail|bartender|craft beer|complex|complex media|Cook (Profession)sean evans|zac efron|zac efron hot ones|zac efron spicy wings|zac efron hot sauce|zac efron hot wings|zac efron sean evans|hot ones|hot ones hot sauce|the last dab|da bomb reaction|food challenge|spicy wing changellege|zac efron interview|zac efron 2020"', '"6376433"', '"1694"', '"221120"', '"2031"', '"19936"']
[170, '"RY_rbooeMcI"', '"Lamborghini Aventador vs NEW Tesla Model S Performance: DRAG RACE!"', '"2020-04-04T08:02:46.000Z"', '"UCUhFaUpnq31m6TNX2VKVSVA"', '"carwow"', '2', '"Autos & Vehicles"', '"20.04.10"', '"carwow|mat watson|4k review|car review|car review 2019|car review 2020|lambo|lamborghini|lamborghini aventador|aventador|lamborghini aventador s|aventador s|tesla|tesla model s|model s|tesla model s performance|model s performance|electric car|electric cars|tesla 2020|tesla model s performance 2020|lamborghini drag race|supercar drag race|supercar|supercar drag race 2020|best electric car 2020|best super car 2020|best drag race|drag race 2020"', '"2212941"', '"601"', '"77069"', '"1977"', '"6905"']
[171, '"AhGUBjK10DI"', '"DIY Face Mask with Elastic in 10 minutes - Sewing Tutorial"', '"2020-04-02T23:18:24.000Z"', '"UCXrEE1TyCslZgsH1Pql51-Q"', '"Melanie Ham"', '26', '"Howto & Style"', '"20.04.10"', '"how to|face mask|diy face mask|homemade face mask|sewing|how to sew|elastic|easy|beginner|melanie ham|tutorial|pattern|how to make"', '"1747854"', '"419"', '"21407"', '"1309"', '"1613"']
[172, '"xh4kpdUqmwY"', '"PREGNANT NIKKI BELLA recreates WWE ENTRANCE in RING GEAR!"', '"2020-04-03T15:29:44.000Z"', '"UCIJnHb6meZoOjKF68h35QgQ"', '"The Bella Twins"', '22', '"People & Blogs"', '"20.04.10"', '"the bella twin|bellas|brie bella|nikki bella|bella wwe|bella youtube channel|nikki bella vlog|brie bella vlog|wwe vlogs|Bellas Daily Vlogs|Nikki Bella|Brie Bella|Birdie Joe Danielson|Bella Twins|nikki bella entrance|nikki bella titantron|nikki bella pregnant|nikki bella and artem|nikki bella in bikini|nikki bella in wrestling gear|bella twins entrance"', '"1671567"', '"135"', '"33353"', '"1792"', '"1751"']
[173, '"jMEoiqnYzS8"', '"Bad Robbers | Lele Pons, Hannah Stocking & Juanpa Zurita"', '"2020-04-03T17:30:11.000Z"', '"UCi9cDo6239RAzPpBZO9y5SA"', '"Lele Pons"', '23', '"Comedy"', '"20.04.10"', '"Bad Robbers | Lele Pons|Hannah Stocking & Juanpa Zurita|lele pons|lele pons song|lele pons volar|lele pons music|lele hannah|lele juanpa|i can\'t relax|i have to get a job|finding a new best friend hannah stocking|what does his text mean hannah|working out with your girlfriend juanpa zurita|i have a crazy girlfriend juanpa|eljuanpazurita|shots|shots studios|anwar|rudy mancuso|anwar jibawi|lele tiktok|lele vine"', '"824649"', '"295"', '"35213"', '"4744"', '"2027"']
[174, '"VbtjIPVveiI"', '"Sleepy Hallow - Deep End Freestyle (Audio)"', '"2020-04-03T04:00:08.000Z"', '"UCch8r_8Io6XK-d5QGkkGZLA"', '"Sleepy Hallow"', '10', '"Music"', '"20.04.10"', '"[none]"', '"641534"', '"117"', '"35333"', '"269"', '"1433"']
[175, '"K09a7l48VD0"', '"The Chosen Global Livestream: Episode Seven"', '"2020-04-05T02:35:47.000Z"', '"UCBXOFnNTULFaAnj24PAeblg"', '"The Chosen"', '1', '"Film & Animation"', '"20.04.10"', '"[none]"', '"148913"', '"5259"', '"3810"', '"90"', '"304"']
[176, '"eoCcpMW8fSs"', '"Astartes - Part Five"', '"2020-04-02T21:00:12.000Z"', '"UCFMtdiQILuTZr22sKUeAOOA"', '"Astartes"', '1', '"Film & Animation"', '"20.04.10"', '"astartes|warhammer|cgi|film|animation|scifi|space marine|40k"', '"3511050"', '"454"', '"334800"', '"1100"', '"30324"']
[177, '"xf_NpgbNSTY"', '"One More Saturday Night: Dead & Company 6/30/18 Live From Eugene, OR"', '"2020-04-05T03:24:03.000Z"', '"UCQJz0ly741rjN_cfsW5ktYQ"', '"Dead & Company"', '10', '"Music"', '"20.04.10"', '"Dead Company|Dead|Dead and Company|Grateful Dead|Greatful Dead|Bob Weir|Bill Kruetzmann|Mickey Hart|John Mayer|Rhino Records|Jerry Garcia|nugs.tv|nugs.net"', '"44189"', '"11380"', '"605"', '"20"', '"62"']
[178, '"eyFFzT85xto"', '"Otis finally hears the truth on Valentine‚Äôs Day date debacle: SmackDown, April 3, 2020"', '"2020-04-04T02:54:26.000Z"', '"UCJ5v_MCY6GNUBTO8-D3XoAg"', '"WWE"', '17', '"Sports"', '"20.04.10"', '"wwe|world wrestling entertainment|wrestling|wrestler|wrestle|superstars|‡§ï‡•Å‡§∂‡•ç‡§§‡•Ä|‡§™‡§π‡§≤‡§µ‡§æ‡§®|‡§°‡§¨‡•ç‡§≤‡•Ç ‡§°‡§¨‡•ç‡§≤‡•Ç ‡§à|‡§Æ‡•à‡§ö|‡§∏‡•Å‡§™‡§∞‡§∏‡•ç‡§ü‡§æ‡§∞|‡§µ‡•ç‡§Ø‡§æ‡§µ‡§∏‡§æ‡§Ø‡§ø‡§ï ‡§ï‡•Å‡§∂‡•ç‡§§‡•Ä|ŸÖÿµÿßÿ±ÿπŸá|wwe 2020|SmackDown|Mandy Rose|Sonya Deville|Otis|Tucker|Dolph Ziggler|Smackdown clips|smackdown highlights|smackdown winners|smackdown match card|smackdown tonight|friday night smackdown|wwe smackdown|smackdown 2020|smackdown fox|heavy machinery|otis mandy rose|wrestlemania 36"', '"2419904"', '"192"', '"40042"', '"1231"', '"5237"']
[179, '"VOVcH_WR8P4"', '"Building the Freedom Factory a GIANT Burnout/Drift Pad GRAND FINALE!!! (First Burnout Competition)"', '"2020-04-04T17:09:00.000Z"', '"UCh8f8vssLddD2PbnU3Ag_Bw"', '"Cleetus McFarland"', '1', '"Film & Animation"', '"20.04.10"', '"leroy|1320video|drag racing|boosted|cleetus McFarland|cleetus|McFarland|Leroy|bald eagles|bald eagle machine|procharger|1320|modified|boost|turbo|twin turbo|precision turbo|precision turbo and engine|Texas speed|resleeved 427|Texas speed and performance|Fasterproms|tuning|tuned|burnout|stick shift|six speed|corvette|Leroy Vette|c5 corvette|Chevrolet|unicorn|c5|supercharging Leroy|turbocharging Leroy"', '"1477850"', '"2183"', '"63677"', '"1060"', '"7177"']
[180, '"gmK_gaE5v9A"', '"DaBaby - Find My Way (Official Music Video)"', '"2020-04-01T16:00:20.000Z"', '"UC2CCXzC56k0b8L49R_iW-Yw"', '"DaBaby"', '10', '"Music"', '"20.04.10"', '"DaBaby|Baby Jesus|Charlotte|Hip Hop|Rap"', '"9716452"', '"617"', '"489359"', '"9686"', '"29422"']
[181, '"pvU4b4N1-QU"', '"Dear April (Side A - Acoustic)"', '"2020-04-03T03:43:33.000Z"', '"UCETYiBLjt2v-pcKSgf8pe6g"', '"Frank Ocean - Topic"', '10', '"Music"', '"20.04.10"', '"Frank Ocean|Dear April (Side A - Acoustic)"', '"769307"', '"232"', '"31214"', '"543"', '"1472"']
[182, '"hc8dXrSZNwQ"', '"Dax - POPPIN (KSI REMIX) #PoppinChallenge"', '"2020-04-03T03:38:30.000Z"', '"UCvvVOIyaYu2l4jiH9L8_eRw"', '"Dax"', '10', '"Music"', '"20.04.10"', '"dax|ksi|ksi poppin|poppinchallenge|dax poppin|#poppinchallenge|ksi poppin remix|rare|very rare|minimeter|logan paul|ksi smokepurpp|remix|one take|sad nigga hours|rap|rap god|sidemen"', '"1712514"', '"149"', '"79171"', '"36565"', '"20657"']
[183, '"dCXOnxM8sdY"', '"Apex Legends | Stories from the Outlands ‚Äì ‚ÄúThe Old Ways‚Äù"', '"2020-04-02T17:00:10.000Z"', '"UC0ZV6M2THA81QT9hrVWJG3A"', '"Apex Legends"', '20', '"Gaming"', '"20.04.10"', '"Apex Legends|Apex|Apex Legends characters|new Apex Legend|Bloodhound|Apex Legends Season 4|Apex Legends Stories From the Outlands|The Old Ways Event|Revenant gameplay|Assimilation|Apex Legends Battle Pass|Season 4 Battle Pass|Apex Legends new season|Apex Legends game|Respawn Apex Legends|ps4|Xbox|PC|Battle Royale game|Battle Royale|Battle Royale shooter|Apex Games|squad play|multiplayer shooter|Respawn Entertainment|Electronic Arts|Titanfall 2|EA|Respawn"', '"4845497"', '"634"', '"236456"', '"3151"', '"26771"']
[184, '"allVFq3P-48"', '"60-MINUTE SPECIAL | Cirque du Soleil | April 3"', '"2020-04-03T19:00:10.000Z"', '"UCPiWIjwDZQo3UobMqvi4ggg"', '"Cirque du Soleil"', '24', '"Entertainment"', '"20.04.10"', '"Cirque|Cirque du Soleil|Circus Arts|Circus du Soleil|Circo du Soleil|circus de soleil|alegria|alegria cirque du soleil|„Ç≠„É•„É™„Ç™„Çπ Êõ≤|„Ç≠„É•„É™„Ç™„Çπ|luzia cirque du soleil|toruk cirque du soleil|Cirqueway|messicirque|circus|Volta|Amaluna|Bazzar"', '"4251250"', '"3606"', '"83982"', '"2157"', '"5462"']
[185, '"t2_PYzXswVY"', '"Karol G, Anuel AA - Follow"', '"2020-04-02T01:59:30.000Z"', '"UCZuPJZ2kGFdlbQu1qotZaHw"', '"KAROL G"', '10', '"Music"', '"20.04.10"', '"Karol g|reggaeton|karol g anuel|karol g nuevo tema|karol g new song|anuel feat. karol g|karol g feat. anuel|secreto|tusa|karol g tusa|tusa karol g|karol g nuevo sencillo|karol g jimmy fallon|ocean karol g|karol g ocean|karol g y anuel|anuel y karol g|karol g anuel aa"', '"22969900"', '"203"', '"934483"', '"37499"', '"28502"']
[186, '"6bvmm0wdEjE"', '"CNCO & Natti Natasha - Honey Boo (Official Video)"', '"2020-04-03T04:00:10.000Z"', '"UCqtHOqxV71OQ-fmLdI8rBYw"', '"CNCO"', '10', '"Music"', '"20.04.10"', '"CNCO Natti Natasha Honey Boo Official Video|CNCO Natti Natasha Honey Boo|CNCO Natti Natasha|CNCO|Natti Natasha|CNCO and Natti Natasha|CNCO & Natti Natasha|Honey Boo Official Video|Honey Boo Video Oficial|Honey Boo CNCO|Honey Boo Natti Natasha|CNCO Honey Boo|CNCO Honey Boo lyrics|CNCO Honey Boo letra|CNCO 2020|Natti Natasha 2020|cnco reggaeton lento|cnco pretend|cnco hey dj"', '"7055101"', '"211"', '"393428"', '"9412"', '"59036"']
[187, '"XPEQHJ7elK0"', '"Cayendo (Side A - Acoustic)"', '"2020-04-03T03:47:41.000Z"', '"UCETYiBLjt2v-pcKSgf8pe6g"', '"Frank Ocean - Topic"', '10', '"Music"', '"20.04.10"', '"Frank Ocean|Cayendo (Side A - Acoustic)"', '"534483"', '"203"', '"25128"', '"186"', '"1289"']
[188, '"kZsDdRM3DD4"', '"Building a skinny ‚Äúsnake tongue‚Äù bridge for mountain bikes"', '"2020-04-03T13:00:19.000Z"', '"UCu8YylsPiu9XfaQC74Hr_Gw"', '"Seth\'s Bike Hacks"', '17', '"Sports"', '"20.04.10"', '"mtb|mountain bike|bike repair|biking|bike riding|bike tricks|bike trials|cycling|DIY|home improvement|outdoors|building"', '"1119897"', '"634"', '"45659"', '"397"', '"3781"']
[189, '"JEwLyRsW3Hc"', '"Tory Lanez - Who Needs Love (Visualizer)"', '"2020-04-03T04:00:49.000Z"', '"UCbfUA3UGxAWL3muD004g0WQ"', '"Tory Lanez"', '10', '"Music"', '"20.04.10"', '"r&b|toronto|Tory Lanez|chixtape|chixtape 5|Tory Lanez chixtape|chickstape|tory chixtape|tory chixtape5|newtoronto|new toronto|new toronto 3"', '"863967"', '"174"', '"41106"', '"348"', '"1431"']
[190, '"2u6TGp7Tyic"', '"Liam Payne - One Direction Memories"', '"2020-04-03T17:01:06.000Z"', '"UCcG6pdVejvmvWSDRJfmeB8A"', '"Liam Payne Official"', '22', '"People & Blogs"', '"20.04.10"', '"[none]"', '"1150823"', '"551"', '"208544"', '"529"', '"16293"']
[191, '"ERgrFVhL-n4"', '"Final Fantasy VII Remake - Final Trailer | PS4"', '"2020-04-03T06:00:04.000Z"', '"UC-2Y8dQb0S6DtpxNgAKoJKA"', '"PlayStation"', '20', '"Gaming"', '"20.04.10"', '"FINAL FANTASY|FINAL FANTASY VII REMAKE|final|square enix"', '"1439972"', '"262"', '"49705"', '"948"', '"7705"']
[192, '"pp4YQPykBMM"', '"ILLENIUM, Excision, I Prevail - Feel Something (Lyric Video)"', '"2020-04-03T04:00:13.000Z"', '"UCsmGcXII6-LLWWYgvSQnWKQ"', '"IlleniumVEVO"', '10', '"Music"', '"20.04.10"', '"ILLENIUM|Excision|Prevail|Feel|Something|(Lyric|Video)|Astralwerks|Dance"', '"778318"', '"221"', '"47368"', '"754"', '"2252"']
[193, '"QZRITcxxBcQ"', '"\'Tiger King\' Joe Exotic Speaks, CNN\'s Brooke Baldwin Tests Positive For COVID-19 & More | THR News"', '"2020-04-03T21:54:24.000Z"', '"UCZ8Sxmkweh65HetaZfR8YuA"', '"The Hollywood Reporter"', '24', '"Entertainment"', '"20.04.10"', '"thr|the hollywood reporter|hollywood reporter|entertainment|hollywood|tiger king|joe exotic|tiger|king|tiger king joe|tiger king joe exotic|netflix tiger king|joe exotic jail|will smith|will|smith|netflix|snapchat|will smith snapchat|will from home|will from home snap|coronavirus|chris cuomo|cnn|cnn chris cuomo|chris cuomo coronavirus|brooke baldwin|brooke|baldwin|chris|cuomo|brooke baldwin coronavirus|adam sandler|adam|sandler|adam sandler coronavirus song"', '"546980"', '"154"', '"1588"', '"945"', '"998"']
[194, '"Z2h2kiiJm-0"', '"EVERYTHING WRONG WITH THE VLOG SQUAD"', '"2020-04-03T00:07:58.000Z"', '"UCmraHp1nkUsFWLqR7SWToIg"', '"Jeff Wittek"', '23', '"Comedy"', '"20.04.10"', '"Jeff\'s barbershop|Jeff wittek|vlog squad|David Dobrik|barber|barbershop|haircut|interview|podcast"', '"1470607"', '"721"', '"101254"', '"920"', '"4478"']
[195, '"L_JYZbrXGco"', '"88-Year-Old Grandma Unboxing Animal Crossing New Horizons Switch"', '"2020-04-03T01:12:10.000Z"', '"UCzhzjMPW9GrQVYpBIV5ar2Q"', '"phubans"', '20', '"Gaming"', '"20.04.10"', '"animal crossing|grandma|new horizons|gran|nintendo|grandmother|switch|88-year-old|gamer|unboxing|reaction"', '"2769193"', '"1984"', '"235870"', '"1317"', '"20501"']
[196, '"0NtqMwZ-xcU"', '"Playing a Game Until It\'s All You Can Think About | Thomas Sanders"', '"2020-04-03T20:08:34.000Z"', '"UC80Z-cIOdR6upfnrPJ8Q00A"', '"Thomas Sanders"', '23', '"Comedy"', '"20.04.10"', '"Thomas Sanders|thomas sanders vine|thomas sanders vlog|thomas sanders channel|thatsthat24|fosterdawg|foster dawg|fanders|vine|comedy|thomas|sanders|ultimate|storytime|thomas sanders vine compilation|vineguys|storytime guy|narrating people\'s lives|skit|skits|sketch comedy|dad|dad jokes|best vines|relatable|seven deadly sins|grand cross|videogames|videogame|video game|fighting|fantasy|RPG|The Office|Office|medieval|knight|narrator guy|anime|manga|japanese|imagine"', '"228618"', '"595"', '"25512"', '"300"', '"4060"']
[197, '"4kgfB-asMUk"', '"MINIMINTER REACTS TO KSI - Poppin (feat. Lil Pump & Smokepurpp)"', '"2020-04-03T16:03:50.000Z"', '"UCjB_adDAIxOL8GA4Y4OCt8g"', '"MM7Games"', '20', '"Gaming"', '"20.04.10"', '"miniminter|mm7games|simon|random|sidemen|ksi|react|poppin"', '"1273034"', '"399"', '"62732"', '"1582"', '"2115"']
[198, '"JNvpcGV1frQ"', '"John Krasinski interviews Steve Carell on Some Good News [FULL INTERVIEW]"', '"2020-04-04T14:00:36.000Z"', '"UCOe_y6KKvS3PdIfb9q9pGug"', '"SomeGoodNews"', '22', '"People & Blogs"', '"20.04.10"', '"John Krasinski|Steve Carell|The Office|Michael Scott|Jim Halpert|Dunder Mifflin|micro flatscreen|zoom interviews|Some Good News|SGN|bestbossever|steve carell interview|steve carell interview the office|john krasinski interview|john krasinski steve carell|john krasinski good news|good news john krasinski"', '"1292593"', '"612"', '"65376"', '"439"', '"2583"']
[199, '"tDK98P91aXc"', '"Kourtney Takes Break From Show: KUWTK Katch-Up (S18, E2) | E!"', '"2020-04-03T00:54:47.000Z"', '"UC8oimTPVHKiC7oL3QgdKbgg"', '"Keeping Up With The Kardashians"', '24', '"Entertainment"', '"20.04.10"', '"Kardashians|Entertainment|Kim Kardashian|Kourtney Kardashian|Kris Jenner|Khloe Kardashian|Kendall Jenner|celebrity families|Controversy|feuds|Kanye West|Scott Disick|Keeping Up with the Kardashians|Kardashian|KUWTK|family|Kylie Jenner"', '"2903599"', '"201"', '"34834"', '"1963"', '"8170"']
[200, '"lZWmhToCOuw"', '"I spent a day with FAMOUS BEAUTY GURUS (James Charles, Glam&Gore, Patrick Starrr)"', '"2020-04-02T15:49:45.000Z"', '"UCPJHQ5_DLtxZ1gzBvZE99_g"', '"AnthonyPadilla"', '27', '"Education"', '"20.04.10"', '"anthony padilla|padilla|anthony|smosh anthony|anthony padilla smosh|i spent a day with|interview|beauty gurus|james charles|mykie|glam and gore|glam&gore|patrick starrr|patrick star"', '"1581582"', '"1369"', '"139337"', '"1412"', '"10219"']
